"animal_id","2008","2009","2010","2011","2012","2013","2014","2016","2015","2017","2019","2018","2020","2021","2022","birth_year","bs"
"270-2007-1-001","1","1","1","1","1","1","1","1","0","0","0","0","0","0","0","2007","dmp"
"270-2007-1-006","1","1","1","1","1","1","1","1","1","1","0","0","0","0","0","2007","dmp"
"270-2007-1-007","1","1","1","1","1","0","1","0","1","0","0","0","0","0","0","2007","dmp"
"270-2007-1-011","0","1","1","1","1","1","1","0","0","0","0","0","0","0","0","2007","dmp"
"270-2007-1-012","1","1","1","1","1","0","1","1","1","1","1","0","0","0","0","2007","dmp"
"270-2007-1-051","1","1","1","1","1","1","1","1","1","1","0","0","0","0","0","2007","dmp"
"270-2007-1-053","1","1","0","0","0","0","0","0","0","0","0","0","0","0","0","2007","dmp"
"270-2007-1-056","1","1","1","1","1","1","1","1","1","0","0","0","0","0","0","2007","dmp"
"270-2007-1-057","1","1","1","1","1","1","1","1","1","1","0","1","0","0","0","2007","dmp"
"270-2007-1-058","1","0","0","0","0","0","0","0","0","0","0","0","0","0","0","2007","dmp"
"270-2007-1-061","1","0","0","0","0","0","0","0","0","0","0","0","0","0","0","2007","dmp"
"270-2007-1-065","1","1","1","1","1","2","0","0","0","0","0","0","0","0","0","2007","dmp"
"270-2007-1-066","1","1","1","1","1","1","1","0","1","0","0","0","0","0","0","2007","dmp"
"270-2008-1-006","0","1","0","0","0","0","0","0","0","0","0","0","0","0","0","2008","dmp"
"270-2008-1-008","0","1","1","1","1","1","2","0","0","0","0","0","0","0","0","2008","dmp"
"270-2008-1-011","0","1","1","1","1","1","1","0","1","0","0","0","0","0","0","2008","dmp"
"270-2008-1-012","0","1","1","1","1","1","1","1","1","0","0","0","0","0","0","2008","dmp"
"270-2008-1-013","0","1","1","1","1","1","1","1","1","1","0","0","0","0","0","2008","dmp"
"270-2008-1-014","0","1","1","1","1","1","1","1","1","0","0","0","0","0","0","2008","dmp"
"270-2008-1-017","0","1","1","1","1","1","1","1","1","1","1","1","0","0","0","2008","dmp"
"270-2008-1-018","0","1","1","0","1","1","0","1","1","1","0","1","0","0","0","2008","dmp"
"270-2008-1-019","0","1","1","1","1","1","2","0","0","0","0","0","0","0","0","2008","dmp"
"270-2008-1-022","0","1","1","1","1","1","1","1","1","0","0","0","0","0","0","2008","dmp"
"270-2008-1-028","0","1","1","1","1","1","1","0","0","0","0","0","0","0","0","2008","dmp"
"270-2009-1-002","0","0","1","1","1","1","1","1","1","1","0","1","0","0","0","2009","dmp"
"270-2009-1-009","0","0","1","1","1","1","1","1","1","1","1","1","1","0","0","2009","dmp"
"270-2009-1-010","0","0","1","1","1","1","2","0","0","0","0","0","0","0","0","2009","dmp"
"270-2009-1-011","0","0","1","1","1","1","1","0","2","0","0","0","0","0","0","2009","dmp"
"270-2009-1-012","0","0","1","1","1","1","1","1","1","1","0","0","0","0","0","2009","dmp"
"270-2009-1-013","0","0","1","0","0","0","0","0","0","0","0","0","0","0","0","2009","dmp"
"270-2009-1-020","0","0","1","1","1","1","1","0","1","0","0","0","0","0","0","2009","dmp"
"270-2009-1-021","0","0","1","1","1","1","1","1","1","0","0","0","0","0","0","2009","dmp"
"270-2009-1-023","0","0","1","1","1","1","1","1","1","1","0","0","0","0","0","2009","dmp"
"270-2009-1-024","0","0","1","1","1","1","1","1","1","1","1","1","1","0","0","2009","dmp"
"270-2009-1-033","0","0","1","1","0","1","0","0","0","0","0","0","0","0","0","2009","dmp"
"270-2009-1-038","0","0","1","1","1","1","0","0","0","0","0","0","0","0","0","2009","dmp"
"270-2010-1-001","0","0","0","1","1","1","1","1","1","1","1","1","1","0","0","2010","dmp"
"270-2010-1-003","0","0","0","1","1","1","1","1","1","1","0","0","0","0","0","2010","dmp"
"270-2010-1-004","0","0","0","1","1","0","0","0","0","0","0","0","0","0","0","2010","dmp"
"270-2010-1-005","0","0","0","1","1","1","1","1","1","1","1","1","1","0","0","2010","dmp"
"270-2010-1-006","0","0","0","1","1","1","1","1","1","1","1","1","0","0","0","2010","dmp"
"270-2010-1-007","0","0","0","0","1","1","1","1","1","1","1","1","1","1","0","2010","dmp"
"270-2010-1-009","0","0","0","1","1","1","0","1","1","1","1","1","1","1","0","2010","dmp"
"270-2010-1-010","0","0","0","1","1","1","1","1","1","1","1","1","1","0","0","2010","dmp"
"270-2010-1-013","0","0","0","1","0","0","0","1","0","1","2","1","0","0","0","2010","dmp"
"270-2010-1-014","0","0","0","1","1","0","0","0","0","0","0","0","0","0","0","2010","dmp"
"270-2010-1-019","0","0","0","1","1","1","1","1","1","1","1","1","1","1","1","2010","dmp"
"270-2010-1-021","0","0","0","1","1","1","1","1","1","1","1","1","1","1","0","2010","dmp"
"270-2010-1-023","0","0","0","1","0","0","0","1","0","1","1","1","1","0","0","2010","dmp"
"270-2010-1-025","0","0","0","1","0","0","0","1","0","1","1","1","0","0","0","2010","dmp"
"270-2010-1-027","0","0","0","1","1","1","1","1","1","1","0","1","0","0","0","2010","dmp"
"270-2010-1-028","0","0","0","1","1","1","1","1","1","1","1","1","1","0","0","2010","dmp"
"270-2010-1-038","0","0","0","1","1","1","1","0","1","1","1","1","1","1","1","2010","dmp"
"270-2010-1-039","0","0","0","1","1","1","1","1","1","1","0","0","0","0","0","2010","dmp"
"270-2010-1-086","0","0","0","1","1","1","0","1","1","1","0","1","1","0","0","2010","dmp"
"270-2010-1-087","0","0","0","1","0","0","0","1","0","1","1","1","1","0","0","2010","dmp"
"270-2011-0-335","0","0","0","0","1","1","1","1","1","1","1","1","1","1","1","2011","wy"
"270-2011-0-336","0","0","0","0","1","1","1","1","1","1","1","1","1","1","2","2011","wy"
"270-2011-0-337","0","0","0","0","1","1","1","1","1","1","1","1","1","1","0","2011","wy"
"270-2011-0-338","0","0","0","0","1","1","1","1","1","1","1","1","0","0","0","2011","wy"
"270-2011-0-339","0","0","0","0","1","1","1","1","1","1","0","1","0","0","0","2011","wy"
"270-2011-0-340","0","0","0","0","1","1","1","1","1","1","0","1","0","0","0","2011","wy"
"270-2011-0-341","0","0","0","0","1","1","1","1","0","1","0","1","1","0","2","2011","wy"
"270-2011-0-342","0","0","0","0","1","1","0","0","0","0","0","0","0","0","0","2011","wy"
"270-2011-0-343","0","0","0","0","1","1","1","1","1","1","0","1","0","0","0","2011","wy"
"270-2011-0-344","0","0","0","0","1","0","0","0","0","0","0","0","0","0","0","2011","wy"
"270-2011-0-345","0","0","0","0","1","1","1","1","1","1","0","0","0","0","0","2011","wy"
"270-2011-1-209","0","0","0","0","0","1","1","0","1","0","0","0","0","0","0","2011","dmp"
"270-2011-1-213","0","0","0","0","1","1","1","1","1","1","1","1","1","1","2","2011","dmp"
"270-2011-1-215","0","0","0","0","1","1","1","1","1","1","1","1","1","1","1","2011","dmp"
"270-2011-1-225","0","0","0","0","1","1","1","1","0","1","1","1","1","1","0","2011","dmp"
"270-2011-1-242","0","0","0","0","1","1","1","1","1","0","1","1","0","1","2","2011","dmp"
"270-2011-1-244","0","0","0","0","1","1","1","0","0","0","0","0","0","0","0","2011","dmp"
"270-2011-1-246","0","0","0","0","1","1","1","1","0","1","1","1","1","1","1","2011","dmp"
"270-2011-1-247","0","0","0","0","1","1","2","0","0","0","0","0","0","0","0","2011","dmp"
"270-2011-1-248","0","0","0","0","1","1","0","1","1","1","1","1","1","1","0","2011","dmp"
"270-2011-1-249","0","0","0","0","0","1","1","0","0","0","0","0","0","0","0","2011","dmp"
"270-2011-1-250","0","0","0","0","1","1","1","1","1","0","0","0","0","0","0","2011","dmp"
"270-2011-1-260","0","0","0","0","1","1","1","1","1","1","1","1","1","1","1","2011","dmp"
"270-2011-1-261","0","0","0","0","1","1","1","1","1","1","1","1","1","0","0","2011","dmp"
"270-2011-1-268","0","0","0","0","1","1","1","1","1","1","0","0","0","0","0","2011","dmp"
"270-2011-1-269","0","0","0","0","1","1","1","1","1","1","1","1","1","1","0","2011","dmp"
"270-2011-1-295","0","0","0","0","1","1","1","1","1","1","0","1","1","0","0","2011","dmp"
"270-2011-1-321","0","0","0","0","1","1","0","0","0","0","0","0","0","0","0","2011","dmp"
"270-2011-1-322","0","0","0","0","1","1","1","1","1","1","0","1","0","0","0","2011","dmp"
"270-2011-1-333","0","0","0","0","1","1","1","1","1","1","1","1","1","1","1","2011","dmp"
"270-2012-0-153","0","0","0","0","0","1","1","1","1","1","1","1","1","1","0","2012","wy"
"270-2012-0-330","0","0","0","0","0","1","1","1","1","1","1","1","1","0","1","2012","wy"
"270-2012-0-331","0","0","0","0","0","1","1","1","1","0","0","0","0","0","0","2012","wy"
"270-2012-0-332","0","0","0","0","0","1","1","0","0","0","0","0","0","0","0","2012","wy"
"270-2012-0-333","0","0","0","0","0","1","1","1","1","1","1","1","0","0","0","2012","wy"
"270-2012-0-334","0","0","0","0","0","1","1","1","1","1","1","1","0","0","0","2012","wy"
"270-2012-0-335","0","0","0","0","0","1","1","0","1","0","0","0","0","0","0","2012","wy"
"270-2012-0-337","0","0","0","0","0","1","1","1","1","1","1","1","1","1","2","2012","wy"
"270-2012-0-338","0","0","0","0","0","1","1","0","1","0","0","0","0","0","0","2012","wy"
"270-2012-0-339","0","0","0","0","0","1","1","0","0","0","0","0","0","0","0","2012","wy"
"270-2012-0-340","0","0","0","0","0","1","1","1","1","1","1","1","1","1","1","2012","wy"
"270-2012-0-341","0","0","0","0","0","1","1","1","1","1","1","1","1","1","1","2012","wy"
"270-2012-0-342","0","0","0","0","0","1","1","1","1","1","1","1","1","1","2","2012","wy"
"270-2012-0-343","0","0","0","0","0","1","1","1","1","1","0","0","0","0","0","2012","wy"
"270-2012-0-344","0","0","0","0","0","1","1","1","1","1","1","1","1","1","2","2012","wy"
"270-2012-0-345","0","0","0","0","0","1","1","0","0","0","0","0","0","0","0","2012","wy"
"270-2012-1-207","0","0","0","0","0","1","1","1","1","1","0","1","0","0","0","2012","dmp"
"270-2012-1-224","0","0","0","0","0","1","1","0","2","0","0","0","0","0","0","2012","dmp"
"270-2012-1-229","0","0","0","0","0","1","1","1","1","1","1","1","0","1","2","2012","dmp"
"270-2012-1-230","0","0","0","0","0","1","0","1","1","1","1","1","1","1","0","2012","dmp"
"270-2012-1-231","0","0","0","0","0","1","1","0","1","0","0","0","0","0","0","2012","dmp"
"270-2012-1-233","0","0","0","0","0","1","1","1","1","1","1","1","1","0","0","2012","dmp"
"270-2012-1-236","0","0","0","0","0","1","0","1","1","1","0","1","0","0","0","2012","dmp"
"270-2012-1-237","0","0","0","0","0","1","0","1","1","1","1","1","1","0","0","2012","dmp"
"270-2012-1-248","0","0","0","0","0","1","1","1","1","1","1","1","1","1","0","2012","dmp"
"270-2012-1-260","0","0","0","0","0","1","1","1","1","0","0","0","0","0","0","2012","dmp"
"270-2012-1-262","0","0","0","0","0","1","1","1","1","1","1","1","1","1","1","2012","dmp"
"270-2012-1-263","0","0","0","0","0","1","1","0","1","1","1","1","1","1","2","2012","dmp"
"270-2012-1-265","0","0","0","0","0","1","1","1","1","1","0","0","0","0","0","2012","dmp"
"270-2012-1-266","0","0","0","0","0","0","1","1","1","1","1","1","1","1","1","2012","dmp"
"270-2012-1-277","0","0","0","0","0","1","1","1","1","1","0","1","0","0","0","2012","dmp"
"270-2012-1-278","0","0","0","0","0","1","1","1","1","1","1","1","1","0","0","2012","dmp"
"270-2012-1-314","0","0","0","0","0","1","1","1","1","0","0","0","0","0","0","2012","dmp"
"270-2013-0-258","0","0","0","0","0","0","1","1","1","1","0","0","0","0","0","2013","wy"
"270-2013-0-260","0","0","0","0","0","0","1","1","1","1","1","1","1","1","1","2013","wy"
"270-2013-0-261","0","0","0","0","0","0","1","0","1","0","0","0","0","0","0","2013","wy"
"270-2013-0-262","0","0","0","0","0","0","1","1","1","1","1","1","1","0","0","2013","wy"
"270-2013-0-263","0","0","0","0","0","0","1","1","1","1","1","1","1","0","0","2013","wy"
"270-2013-0-264","0","0","0","0","0","0","1","1","1","1","1","1","1","0","0","2013","wy"
"270-2013-0-265","0","0","0","0","0","0","1","1","1","0","0","0","0","0","0","2013","wy"
"270-2013-0-266","0","0","0","0","0","0","1","1","1","1","1","1","0","0","0","2013","wy"
"270-2013-0-267","0","0","0","0","0","0","1","1","1","1","1","1","1","1","1","2013","wy"
"270-2013-0-268","0","0","0","0","0","0","1","1","1","1","0","0","0","0","0","2013","wy"
"270-2013-0-269","0","0","0","0","0","0","1","1","1","1","1","1","1","0","0","2013","wy"
"270-2013-0-270","0","0","0","0","0","0","2","0","0","0","0","0","0","0","0","2013","wy"
"270-2013-0-271","0","0","0","0","0","0","1","1","1","1","1","1","1","0","1","2013","wy"
"270-2013-0-272","0","0","0","0","0","0","1","1","1","1","0","0","0","0","0","2013","wy"
"270-2013-1-202","0","0","0","0","0","0","1","1","1","1","1","1","1","0","0","2013","dmp"
"270-2013-1-204","0","0","0","0","0","0","1","1","1","1","1","1","1","0","0","2013","dmp"
"270-2013-1-205","0","0","0","0","0","0","1","0","1","0","0","0","0","0","0","2013","dmp"
"270-2013-1-210","0","0","0","0","0","0","1","1","1","1","1","1","0","1","1","2013","dmp"
"270-2013-1-212","0","0","0","0","0","0","1","1","1","0","0","0","0","0","0","2013","dmp"
"270-2013-1-216","0","0","0","0","0","0","1","1","1","1","1","1","1","1","0","2013","dmp"
"270-2013-1-225","0","0","0","0","0","0","0","0","0","0","0","0","0","0","0","2013","dmp"
"270-2013-1-227","0","0","0","0","0","0","2","0","0","0","0","0","0","0","0","2013","dmp"
"270-2013-1-230","0","0","0","0","0","0","0","0","0","0","0","0","1","0","0","2013","dmp"
"270-2013-1-231","0","0","0","0","0","0","1","1","1","1","1","1","1","1","0","2013","dmp"
"270-2013-1-234","0","0","0","0","0","0","1","1","1","0","0","0","0","0","0","2013","dmp"
"270-2013-1-238","0","0","0","0","0","0","1","1","1","1","1","1","1","0","0","2013","dmp"
"270-2013-1-239","0","0","0","0","0","0","1","1","1","1","1","1","1","1","1","2013","dmp"
"270-2013-1-246","0","0","0","0","0","0","1","1","1","1","0","0","0","0","0","2013","dmp"
"270-2013-1-252","0","0","0","0","0","0","1","1","1","1","1","1","1","1","1","2013","dmp"
"270-2013-1-254","0","0","0","0","0","0","1","0","1","0","0","0","0","0","0","2013","dmp"
"270-2013-1-256","0","0","0","0","0","0","1","1","1","1","1","1","1","1","1","2013","dmp"
"270-2014-0-441","0","0","0","0","0","0","0","0","2","0","0","0","0","0","0","2014","wy"
"270-2014-0-443","0","0","0","0","0","0","0","1","1","1","1","1","0","0","0","2014","wy"
"270-2014-0-444","0","0","0","0","0","0","0","1","1","1","1","1","1","1","1","2014","wy"
"270-2014-0-446","0","0","0","0","0","0","0","1","1","1","1","1","1","0","0","2014","wy"
"270-2014-0-447","0","0","0","0","0","0","0","1","1","1","1","1","0","0","0","2014","wy"
"270-2014-0-448","0","0","0","0","0","0","0","1","1","1","1","0","0","0","0","2014","wy"
"270-2014-0-449","0","0","0","0","0","0","0","1","1","1","1","1","1","1","1","2014","wy"
"270-2014-0-450","0","0","0","0","0","0","0","1","1","1","1","1","1","1","1","2014","wy"
"270-2014-0-451","0","0","0","0","0","0","0","1","1","1","1","1","1","1","1","2014","wy"
"270-2014-0-452","0","0","0","0","0","0","0","1","1","1","1","1","1","1","1","2014","wy"
"270-2014-0-453","0","0","0","0","0","0","0","0","1","1","1","1","1","1","1","2014","wy"
"270-2014-0-454","0","0","0","0","0","0","0","1","1","1","1","1","0","0","0","2014","wy"
"270-2014-0-455","0","0","0","0","0","0","0","1","1","1","1","1","1","1","2","2014","wy"
"270-2014-1-403","0","0","0","0","0","0","0","1","1","1","1","1","1","1","1","2014","dmp"
"270-2014-1-407","0","0","0","0","0","0","0","1","1","1","1","1","1","1","1","2014","dmp"
"270-2014-1-410","0","0","0","0","0","0","0","1","1","1","1","1","1","1","0","2014","dmp"
"270-2014-1-411","0","0","0","0","0","0","0","1","1","1","1","1","1","1","1","2014","dmp"
"270-2014-1-414","0","0","0","0","0","0","0","1","1","1","1","1","1","1","1","2014","dmp"
"270-2014-1-416","0","0","0","0","0","0","0","0","2","0","0","0","0","0","0","2014","dmp"
"270-2014-1-422","0","0","0","0","0","0","0","1","1","1","1","1","1","1","1","2014","dmp"
"270-2014-1-423","0","0","0","0","0","0","0","1","1","0","0","0","0","0","0","2014","dmp"
"270-2014-1-428","0","0","0","0","0","0","0","1","1","1","0","1","0","0","0","2014","dmp"
"270-2014-1-434","0","0","0","0","0","0","0","1","1","1","1","1","0","0","0","2014","dmp"
"270-2014-1-438","0","0","0","0","0","0","0","1","1","1","1","1","1","0","0","2014","dmp"
"270-2014-1-439","0","0","0","0","0","0","0","0","1","0","0","0","0","0","0","2014","dmp"
"270-2014-1-440","0","0","0","0","0","0","0","1","1","1","0","0","0","0","0","2014","dmp"
"270-2015-0-547","0","0","0","0","0","0","0","1","0","1","1","1","1","0","0","2015","wy"
"270-2015-0-548","0","0","0","0","0","0","0","1","0","0","0","0","0","0","0","2015","wy"
"270-2015-0-549","0","0","0","0","0","0","0","1","0","1","1","1","1","1","1","2015","wy"
"270-2015-0-551","0","0","0","0","0","0","0","1","0","1","1","1","1","1","1","2015","wy"
"270-2015-0-552","0","0","0","0","0","0","0","1","0","1","1","1","1","1","1","2015","wy"
"270-2015-0-553","0","0","0","0","0","0","0","1","0","1","1","1","1","1","1","2015","wy"
"270-2015-0-555","0","0","0","0","0","0","0","1","0","1","1","1","1","0","0","2015","wy"
"270-2015-0-557","0","0","0","0","0","0","0","1","0","1","1","1","1","1","1","2015","wy"
"270-2015-0-558","0","0","0","0","0","0","0","1","0","1","1","1","0","0","0","2015","wy"
"270-2015-0-582","0","0","0","0","0","0","0","1","0","1","1","1","1","1","0","2015","wy"
"270-2015-0-583","0","0","0","0","0","0","0","1","0","1","1","1","1","1","0","2015","wy"
"270-2015-0-586","0","0","0","0","0","0","0","1","0","1","1","1","1","1","1","2015","wy"
"270-2015-0-587","0","0","0","0","0","0","0","1","0","0","0","0","0","0","0","2015","wy"
"270-2015-0-588","0","0","0","0","0","0","0","1","0","0","0","0","0","0","0","2015","wy"
"270-2015-0-589","0","0","0","0","0","0","0","1","0","1","1","1","1","1","0","2015","wy"
"270-2015-1-507","0","0","0","0","0","0","0","1","0","1","0","0","0","0","0","2015","dmp"
"270-2015-1-508","0","0","0","0","0","0","0","1","0","1","1","1","1","1","1","2015","dmp"
"270-2015-1-510","0","0","0","0","0","0","0","1","0","1","0","1","0","0","0","2015","dmp"
"270-2015-1-516","0","0","0","0","0","0","0","1","0","1","1","1","1","1","1","2015","dmp"
"270-2015-1-518","0","0","0","0","0","0","0","1","0","1","1","1","1","1","1","2015","dmp"
"270-2015-1-520","0","0","0","0","0","0","0","1","0","0","0","0","0","0","0","2015","dmp"
"270-2015-1-522","0","0","0","0","0","0","0","1","0","1","1","1","1","1","1","2015","dmp"
"270-2015-1-524","0","0","0","0","0","0","0","1","0","1","1","1","1","1","1","2015","dmp"
"270-2016-0-647","0","0","0","0","0","0","0","0","0","1","0","0","0","0","0","2016","wy"
"270-2016-0-648","0","0","0","0","0","0","0","0","0","1","0","1","1","1","1","2016","wy"
"270-2016-0-650","0","0","0","0","0","0","0","0","0","1","1","1","1","1","1","2016","wy"
"270-2016-0-651","0","0","0","0","0","0","0","0","0","1","1","1","1","1","1","2016","wy"
"270-2016-0-652","0","0","0","0","0","0","0","0","0","2","0","0","0","0","0","2016","wy"
"270-2016-0-653","0","0","0","0","0","0","0","0","0","1","1","1","1","1","1","2016","wy"
"270-2016-0-654","0","0","0","0","0","0","0","0","0","1","1","1","1","1","1","2016","wy"
"270-2016-0-655","0","0","0","0","0","0","0","0","0","1","1","1","0","0","0","2016","wy"
"270-2016-0-673","0","0","0","0","0","0","0","0","0","1","1","1","1","0","0","2016","wy"
"270-2016-0-674","0","0","0","0","0","0","0","0","0","1","0","0","0","0","0","2016","wy"
"270-2016-0-675","0","0","0","0","0","0","0","0","0","1","1","1","1","1","0","2016","wy"
"270-2016-0-676","0","0","0","0","0","0","0","0","0","1","1","1","1","1","1","2016","wy"
"270-2016-0-677","0","0","0","0","0","0","0","0","0","1","1","1","1","1","1","2016","wy"
"270-2016-1-603","0","0","0","0","0","0","0","0","0","1","1","1","0","0","0","2016","dmp"
"270-2016-1-606","0","0","0","0","0","0","0","0","0","1","1","1","1","1","1","2016","dmp"
"270-2016-1-607","0","0","0","0","0","0","0","0","0","1","1","1","1","1","1","2016","dmp"
"270-2016-1-608","0","0","0","0","0","0","0","0","0","1","1","1","1","1","1","2016","dmp"
"270-2016-1-613","0","0","0","0","0","0","0","0","0","1","0","1","0","0","0","2016","dmp"
"270-2016-1-615","0","0","0","0","0","0","0","0","0","1","1","1","1","1","1","2016","dmp"
"270-2016-1-618","0","0","0","0","0","0","0","0","0","1","0","0","0","0","0","2016","dmp"
"270-2016-1-619","0","0","0","0","0","0","0","0","0","1","1","1","0","0","0","2016","dmp"
"270-2016-1-622","0","0","0","0","0","0","0","0","0","1","1","1","1","1","1","2016","dmp"
"270-2016-1-624","0","0","0","0","0","0","0","0","0","1","0","0","0","0","0","2016","dmp"
"270-2016-1-632","0","0","0","0","0","0","0","0","0","1","1","1","1","1","1","2016","dmp"
"270-2016-1-634","0","0","0","0","0","0","0","0","0","1","0","0","0","0","0","2016","dmp"
"270-2016-1-642","0","0","0","0","0","0","0","0","0","1","1","1","1","1","1","2016","dmp"
"270-2016-1-643","0","0","0","0","0","0","0","0","0","1","1","0","1","1","1","2016","dmp"
"270-2017-0-744","0","0","0","0","0","0","0","0","0","0","1","1","0","0","0","2017","wy"
"270-2017-0-745","0","0","0","0","0","0","0","0","0","0","1","1","1","1","1","2017","wy"
"270-2017-0-747","0","0","0","0","0","0","0","0","0","0","1","1","1","1","1","2017","wy"
"270-2017-0-748","0","0","0","0","0","0","0","0","0","0","1","1","1","1","1","2017","wy"
"270-2017-0-749","0","0","0","0","0","0","0","0","0","0","1","1","1","1","1","2017","wy"
"270-2017-1-703","0","0","0","0","0","0","0","0","0","0","1","1","1","1","1","2017","dmp"
"270-2017-1-707","0","0","0","0","0","0","0","0","0","0","1","1","0","0","0","2017","dmp"
"270-2017-1-711","0","0","0","0","0","0","0","0","0","0","1","1","1","1","1","2017","dmp"
"270-2017-1-717","0","0","0","0","0","0","0","0","0","0","1","1","1","1","1","2017","dmp"
"270-2017-1-719","0","0","0","0","0","0","0","0","0","0","1","1","1","1","1","2017","dmp"
"270-2017-1-722","0","0","0","0","0","0","0","0","0","0","1","1","1","1","1","2017","dmp"
"270-2018-0-862","0","0","0","0","0","0","0","0","0","0","1","0","1","1","1","2018","wy"
"270-2018-0-863","0","0","0","0","0","0","0","0","0","0","1","0","1","0","0","2018","wy"
"270-2018-0-864","0","0","0","0","0","0","0","0","0","0","1","0","1","1","1","2018","wy"
"270-2018-1-802","0","0","0","0","0","0","0","0","0","0","1","0","1","1","1","2018","dmp"
"270-2018-1-805","0","0","0","0","0","0","0","0","0","0","1","0","1","1","1","2018","dmp"
"270-2018-1-808","0","0","0","0","0","0","0","0","0","0","1","0","1","1","1","2018","dmp"
"270-2018-1-815","0","0","0","0","0","0","0","0","0","0","1","0","1","1","1","2018","dmp"
"270-2018-1-817","0","0","0","0","0","0","0","0","0","0","1","0","1","1","1","2018","dmp"
"270-2018-1-818","0","0","0","0","0","0","0","0","0","0","1","0","1","1","1","2018","dmp"
"270-2018-1-822","0","0","0","0","0","0","0","0","0","0","1","0","1","1","1","2018","dmp"
"270-2018-1-824","0","0","0","0","0","0","0","0","0","0","1","0","1","1","0","2018","dmp"
"270-2018-1-826","0","0","0","0","0","0","0","0","0","0","0","0","1","0","0","2018","dmp"
"270-2018-1-832","0","0","0","0","0","0","0","0","0","0","1","0","1","1","1","2018","dmp"
"270-2018-1-834","0","0","0","0","0","0","0","0","0","0","1","0","1","1","0","2018","dmp"
"270-2018-1-835","0","0","0","0","0","0","0","0","0","0","0","0","1","1","1","2018","dmp"
"270-2019-0-943","0","0","0","0","0","0","0","0","0","0","0","0","1","1","1","2019","wy"
"270-2019-0-944","0","0","0","0","0","0","0","0","0","0","0","0","1","1","1","2019","wy"
"270-2019-0-945","0","0","0","0","0","0","0","0","0","0","0","0","1","1","1","2019","wy"
"270-2019-0-946","0","0","0","0","0","0","0","0","0","0","0","0","1","0","0","2019","wy"
"270-2019-0-960","0","0","0","0","0","0","0","0","0","0","0","0","0","1","0","2019","wy"
"270-2019-0-966","0","0","0","0","0","0","0","0","0","0","0","0","1","0","1","2019","wy"
"270-2019-1-905","0","0","0","0","0","0","0","0","0","0","0","0","0","1","1","2019","dmp"
"270-2019-1-907","0","0","0","0","0","0","0","0","0","0","0","0","1","0","0","2019","dmp"
"270-2019-1-908","0","0","0","0","0","0","0","0","0","0","0","0","0","1","1","2019","dmp"
"270-2019-1-909","0","0","0","0","0","0","0","0","0","0","0","0","1","1","1","2019","dmp"
"270-2019-1-917","0","0","0","0","0","0","0","0","0","0","0","0","1","1","1","2019","dmp"
"270-2019-1-920","0","0","0","0","0","0","0","0","0","0","0","0","1","1","1","2019","dmp"
"270-2019-1-923","0","0","0","0","0","0","0","0","0","0","0","0","1","1","1","2019","dmp"
"270-2019-1-924","0","0","0","0","0","0","0","0","0","0","0","0","0","1","1","2019","dmp"
"270-2019-1-927","0","0","0","0","0","0","0","0","0","0","0","0","1","1","1","2019","dmp"
"270-2019-1-929","0","0","0","0","0","0","0","0","0","0","0","0","0","1","1","2019","dmp"
"270-2019-1-932","0","0","0","0","0","0","0","0","0","0","0","0","0","1","1","2019","dmp"
"270-2019-1-933","0","0","0","0","0","0","0","0","0","0","0","0","0","1","1","2019","dmp"
"270-2019-1-940","0","0","0","0","0","0","0","0","0","0","0","0","1","1","1","2019","dmp"
"270-2020-0-2095","0","0","0","0","0","0","0","0","0","0","0","0","0","1","1","2020","wy"
"270-2020-1-2001","0","0","0","0","0","0","0","0","0","0","0","0","0","1","1","2020","dmp"
"270-2020-1-2009","0","0","0","0","0","0","0","0","0","0","0","0","0","1","1","2020","dmp"
"270-2020-1-2011","0","0","0","0","0","0","0","0","0","0","0","0","0","1","1","2020","dmp"
"270-2020-1-2020","0","0","0","0","0","0","0","0","0","0","0","0","0","1","1","2020","dmp"
"270-2020-1-2027","0","0","0","0","0","0","0","0","0","0","0","0","0","1","1","2020","dmp"
"270-2020-1-2028","0","0","0","0","0","0","0","0","0","0","0","0","0","1","1","2020","dmp"
"270-2020-1-2034","0","0","0","0","0","0","0","0","0","0","0","0","0","1","1","2020","dmp"
"270-2020-1-2039","0","0","0","0","0","0","0","0","0","0","0","0","0","1","1","2020","dmp"
"270-2020-1-2040","0","0","0","0","0","0","0","0","0","0","0","0","0","1","1","2020","dmp"
"270-2020-1-2041","0","0","0","0","0","0","0","0","0","0","0","0","0","1","1","2020","dmp"
"270-2021-0-2169","0","0","0","0","0","0","0","0","0","0","0","0","0","0","1","2021","wy"
"270-2021-1-2126","0","0","0","0","0","0","0","0","0","0","0","0","0","0","1","2021","dmp"
"270-2021-1-2130","0","0","0","0","0","0","0","0","0","0","0","0","0","0","1","2021","dmp"
"90-2007-0-016","1","1","0","1","0","0","0","0","0","0","0","0","0","0","0","2007","ey"
"90-2007-0-019","1","1","1","1","1","1","1","1","1","0","0","0","0","0","0","2007","ey"
"90-2007-0-024","1","1","1","1","1","1","1","0","1","0","0","0","0","0","0","2007","ey"
"90-2007-0-027","1","1","1","1","1","2","0","0","0","0","0","0","0","0","0","2007","ey"
"90-2007-0-029","1","1","1","1","1","1","2","0","0","0","0","0","0","0","0","2007","ey"
"90-2007-0-031","1","2","0","0","0","0","0","0","0","0","0","0","0","0","0","2007","ey"
"90-2007-0-032","1","1","0","0","0","0","0","0","0","0","0","0","0","0","0","2007","ey"
"90-2007-0-036","1","1","1","1","1","1","1","1","1","1","0","0","0","0","0","2007","ey"
"90-2007-0-038","1","1","1","1","1","1","1","0","0","0","0","0","0","0","0","2007","ey"
"90-2007-0-039","1","1","1","1","1","1","1","1","1","1","0","0","0","0","0","2007","ey"
"90-2007-0-040","1","1","0","1","1","1","1","1","1","0","0","0","0","0","0","2007","ey"
"90-2007-0-045","0","1","1","1","1","1","1","0","0","0","0","0","0","0","0","2007","ey"
"90-2007-0-046","1","1","0","1","1","1","1","1","1","1","0","0","0","0","0","2007","ey"
"90-2007-0-048","1","1","1","1","1","1","0","1","1","1","0","0","0","0","0","2007","ey"
"90-2007-0-049","0","1","1","1","1","1","1","1","1","1","0","0","0","0","0","2007","ey"
"90-2008-0-032","0","1","1","1","1","0","0","0","0","0","0","0","0","0","0","2007","ey"
"90-2008-0-033","0","1","1","1","1","1","1","1","1","1","0","0","0","0","0","2007","ey"
"90-2008-0-034","0","1","1","1","1","1","1","1","1","1","0","0","0","0","0","2007","ey"
"90-2008-0-037","0","1","0","1","1","1","1","1","1","1","0","0","0","0","0","2007","ey"
"90-2008-0-039","0","1","0","1","1","1","1","2","1","0","0","0","0","0","0","2007","ey"
"90-2008-0-040","0","1","1","1","1","1","1","1","1","1","0","0","0","0","0","2007","ey"
"90-2008-0-041","0","1","1","1","1","1","1","0","0","0","0","0","0","0","0","2007","ey"
"90-2008-0-042","0","1","1","1","1","1","1","1","1","1","0","0","0","0","0","2007","ey"
"90-2008-0-052","0","1","1","1","1","1","1","1","1","1","0","0","0","0","0","2007","ey"
"90-2008-0-054","0","1","1","1","1","1","1","0","1","0","0","0","0","0","0","2007","ey"
"90-2008-0-055","0","1","1","1","1","1","1","1","1","1","0","0","0","0","0","2007","ey"
"90-2008-0-056","0","1","1","1","1","1","1","1","1","1","0","0","0","0","0","2007","ey"
"90-2008-0-057","0","1","1","1","1","1","1","0","1","0","0","0","0","0","0","2007","ey"
"90-2008-0-058","0","0","1","1","1","1","1","1","1","1","0","0","0","0","0","2007","ey"
"90-2008-0-059","0","1","1","1","1","1","0","0","0","0","0","0","0","0","0","2007","ey"
"90-2009-0-051","0","0","1","1","1","1","0","0","0","0","0","0","0","0","0","2007","ey"
"90-2009-0-052","0","0","1","1","1","1","1","1","1","0","0","0","0","0","0","2007","ey"
"90-2009-0-053","0","0","1","1","1","1","1","1","1","1","1","1","0","0","0","2007","ey"
"90-2009-0-054","0","0","1","1","1","1","1","1","1","0","0","0","0","0","0","2007","ey"
"90-2009-0-056","0","0","1","1","1","1","1","1","1","1","1","1","1","0","0","2007","ey"
"90-2009-0-057","0","0","1","1","1","1","1","0","1","0","0","0","0","0","0","2007","ey"
"90-2009-0-058","0","0","1","1","1","1","1","1","1","1","1","1","1","0","0","2007","ey"
"90-2009-0-059","0","0","1","1","1","1","1","1","1","1","1","1","0","0","0","2007","ey"
"90-2009-0-060","0","0","1","1","1","1","1","1","1","1","1","1","1","1","0","2007","ey"
"90-2009-0-062","0","0","1","1","1","1","1","1","1","1","0","0","0","0","0","2007","ey"
"90-2009-0-063","0","0","1","1","1","1","1","1","1","1","0","1","0","0","0","2007","ey"
"90-2009-0-064","0","0","1","1","1","1","1","0","0","0","0","0","0","0","0","2007","ey"
"90-2009-0-066","0","0","1","1","1","1","1","1","1","0","0","0","0","0","0","2007","ey"
"90-2009-0-067","0","0","1","1","1","1","1","1","1","1","1","1","1","0","0","2007","ey"
"90-2009-0-068","0","0","1","1","1","1","1","1","1","1","1","1","1","0","0","2007","ey"
"90-2009-0-069","0","0","1","1","1","1","1","1","1","1","1","1","1","2","0","2007","ey"
"90-2009-0-070","0","0","1","1","1","1","1","1","1","1","1","1","1","0","0","2007","ey"
"90-2010-0-101","0","0","0","1","1","1","1","1","1","1","1","1","1","0","0","2007","ey"
"90-2010-0-102","0","0","0","1","1","1","1","1","1","1","1","1","1","1","2","2007","ey"
"90-2010-0-103","0","0","0","1","1","1","1","0","0","0","0","0","0","0","0","2007","ey"
"90-2010-0-104","0","0","0","1","1","1","1","0","0","0","0","0","0","0","0","2007","ey"
"90-2010-0-105","0","0","0","1","1","1","0","0","0","0","0","0","0","0","0","2007","ey"
"90-2010-0-106","0","0","0","1","1","1","1","1","1","1","1","1","1","1","1","2007","ey"
"90-2010-0-107","0","0","0","0","1","1","1","1","1","1","0","0","0","0","0","2007","ey"
"90-2010-0-108","0","0","0","1","1","1","1","1","1","1","1","1","1","0","0","2007","ey"
"90-2010-0-109","0","0","0","1","1","1","1","1","1","1","1","1","1","1","0","2007","ey"
"90-2010-0-110","0","0","0","1","1","1","1","1","1","1","0","0","0","0","0","2007","ey"
"90-2010-0-111","0","0","0","1","1","1","1","1","1","1","0","0","0","0","0","2007","ey"
"90-2010-0-112","0","0","0","1","1","1","1","1","1","1","1","1","1","1","0","2007","ey"
"90-2010-0-113","0","0","0","1","1","1","1","1","1","1","1","1","1","1","2","2007","ey"
"90-2010-0-114","0","0","0","1","1","1","1","1","1","1","0","0","0","0","0","2007","ey"
"90-2010-0-115","0","0","0","1","1","1","1","1","1","1","0","0","0","0","0","2007","ey"
"90-2011-0-351","0","0","0","0","1","1","1","1","1","1","1","1","1","1","1","2007","ey"
"90-2011-0-352","0","0","0","0","1","1","1","1","1","1","1","1","1","1","1","2007","ey"
"90-2011-0-354","0","0","0","0","1","1","1","1","1","1","1","1","0","0","0","2007","ey"
"90-2011-0-355","0","0","0","0","1","1","1","0","1","0","0","0","0","0","1","2007","ey"
"90-2011-0-356","0","0","0","0","1","1","1","1","1","1","1","1","1","0","0","2007","ey"
"90-2011-0-357","0","0","0","0","1","1","1","1","1","1","0","0","0","0","0","2007","ey"
"90-2011-0-358","0","0","0","0","1","1","1","0","0","0","0","0","0","0","0","2007","ey"
"90-2011-0-359","0","0","0","0","1","1","1","1","1","1","0","0","0","0","0","2007","ey"
"90-2011-0-360","0","0","0","0","1","1","1","1","1","1","1","1","1","0","0","2007","ey"
"90-2011-0-362","0","0","0","0","1","1","1","1","1","1","1","1","0","1","1","2007","ey"
"90-2011-0-363","0","0","0","0","1","1","1","1","1","1","0","0","0","0","0","2007","ey"
"90-2011-0-365","0","0","0","0","1","1","1","0","1","0","0","0","0","0","0","2007","ey"
"90-2011-0-367","0","0","0","0","1","1","1","1","1","1","1","1","1","1","0","2007","ey"
"90-2011-0-368","0","0","0","0","1","1","1","1","1","1","1","1","1","1","0","2007","ey"
"90-2011-0-369","0","0","0","0","1","0","0","0","0","0","0","0","0","0","0","2007","ey"
"90-2011-0-370","0","0","0","0","1","1","1","1","1","1","0","1","0","0","0","2007","ey"
"90-2012-0-001","0","0","0","0","0","1","1","1","1","1","1","1","1","1","0","2007","ey"
"90-2012-0-319","0","0","0","0","0","1","1","1","1","1","1","1","0","1","0","2007","ey"
"90-2012-0-320","0","0","0","0","0","1","2","0","0","0","0","0","0","0","0","2007","ey"
"90-2012-0-321","0","0","0","0","0","1","1","0","1","0","0","0","1","0","0","2007","ey"
"90-2012-0-322","0","0","0","0","0","1","1","1","1","1","1","1","1","0","0","2007","ey"
"90-2012-0-324","0","0","0","0","0","1","1","1","1","1","1","1","0","0","0","2007","ey"
"90-2012-0-325","0","0","0","0","0","1","1","1","1","1","1","1","0","0","0","2007","ey"
"90-2012-0-326","0","0","0","0","0","1","1","1","1","1","1","1","1","0","0","2007","ey"
"90-2012-0-327","0","0","0","0","0","1","0","1","1","1","1","1","1","1","0","2007","ey"
"90-2012-0-328","0","0","0","0","0","1","0","0","1","1","1","0","1","1","1","2007","ey"
"90-2012-0-329","0","0","0","0","0","1","1","1","1","1","1","1","0","0","0","2007","ey"
"90-2012-0-346","0","0","0","0","0","1","1","1","1","1","1","1","1","1","1","2007","ey"
"90-2012-0-347","0","0","0","0","0","1","1","1","1","1","1","1","0","0","0","2007","ey"
"90-2012-0-348","0","0","0","0","0","1","1","1","1","0","0","0","0","0","0","2007","ey"
"90-2012-0-349","0","0","0","0","0","1","1","1","1","1","1","1","0","1","1","2007","ey"
"90-2012-0-350","0","0","0","0","0","1","1","1","1","1","0","0","0","0","0","2007","ey"
"90-2013-0-273","0","0","0","0","0","0","1","1","1","1","1","1","1","1","0","2007","ey"
"90-2013-0-274","0","0","0","0","0","0","1","1","1","1","1","1","1","1","1","2007","ey"
"90-2013-0-275","0","0","0","0","0","0","1","1","1","1","1","1","1","0","0","2007","ey"
"90-2013-0-276","0","0","0","0","0","0","1","1","1","1","0","2","0","0","0","2007","ey"
"90-2013-0-277","0","0","0","0","0","0","1","1","1","1","0","0","0","0","0","2007","ey"
"90-2013-0-278","0","0","0","0","0","0","1","1","1","1","0","1","1","1","1","2007","ey"
"90-2013-0-279","0","0","0","0","0","0","1","1","1","2","0","0","0","0","0","2007","ey"
"90-2013-0-280","0","0","0","0","0","0","1","1","1","1","1","1","1","1","1","2007","ey"
"90-2013-0-281","0","0","0","0","0","0","1","0","0","0","0","0","0","0","0","2007","ey"
"90-2013-0-282","0","0","0","0","0","0","1","0","1","0","0","0","0","0","0","2007","ey"
"90-2013-0-283","0","0","0","0","0","0","1","1","1","1","1","1","0","0","0","2007","ey"
"90-2013-0-284","0","0","0","0","0","0","1","1","1","1","1","1","1","1","1","2007","ey"
"90-2013-0-285","0","0","0","0","0","0","1","1","1","1","0","1","0","0","0","2007","ey"
"90-2013-0-286","0","0","0","0","0","0","1","1","1","1","0","1","1","1","0","2007","ey"
"90-2013-0-287","0","0","0","0","0","0","1","1","1","0","0","0","0","0","0","2007","ey"
"90-2013-0-288","0","0","0","0","0","0","1","0","1","1","1","1","1","1","0","2007","ey"
"90-2013-0-289","0","0","0","0","0","0","1","1","1","1","0","0","0","0","0","2007","ey"
"90-2013-0-290","0","0","0","0","0","0","1","1","1","1","0","0","0","0","0","2007","ey"
"90-2013-0-291","0","0","0","0","0","0","1","1","1","1","1","1","1","1","0","2007","ey"
"90-2013-0-292","0","0","0","0","0","0","1","1","1","1","1","1","1","0","0","2007","ey"
"90-2014-0-456","0","0","0","0","0","0","0","1","1","1","1","1","1","1","1","2007","ey"
"90-2014-0-457","0","0","0","0","0","0","0","1","1","1","1","1","1","1","0","2007","ey"
"90-2014-0-458","0","0","0","0","0","0","0","1","1","1","1","1","1","1","1","2007","ey"
"90-2014-0-459","0","0","0","0","0","0","0","1","1","1","1","1","0","0","0","2007","ey"
"90-2014-0-460","0","0","0","0","0","0","0","1","1","1","1","1","1","0","0","2007","ey"
"90-2014-0-462","0","0","0","0","0","0","0","1","1","1","1","1","1","1","1","2007","ey"
"90-2014-0-463","0","0","0","0","0","0","0","1","1","1","1","1","1","0","0","2007","ey"
"90-2014-0-464","0","0","0","0","0","0","0","1","1","1","1","1","1","1","0","2007","ey"
"90-2014-0-465","0","0","0","0","0","0","0","1","1","1","0","1","0","0","0","2007","ey"
"90-2014-0-466","0","0","0","0","0","0","0","1","1","1","1","1","1","1","1","2007","ey"
"90-2014-0-467","0","0","0","0","0","0","0","1","1","1","1","1","1","1","0","2007","ey"
"90-2014-0-468","0","0","0","0","0","0","0","1","1","1","2","1","0","0","0","2007","ey"
"90-2014-0-469","0","0","0","0","0","0","0","1","1","1","1","1","1","1","1","2007","ey"
"90-2014-0-470","0","0","0","0","0","0","0","1","1","0","0","0","0","0","0","2007","ey"
"90-2014-0-471","0","0","0","0","0","0","0","0","1","0","0","0","0","0","0","2007","ey"
"90-2014-0-472","0","0","0","0","0","0","0","1","1","1","1","1","1","1","0","2007","ey"
"90-2014-0-473","0","0","0","0","0","0","0","1","1","1","0","2","0","0","0","2007","ey"
"90-2014-0-474","0","0","0","0","0","0","0","0","1","0","0","0","0","0","0","2007","ey"
"90-2014-0-475","0","0","0","0","0","0","0","1","1","1","1","1","1","1","0","2007","ey"
"90-2015-0-559","0","0","0","0","0","0","0","1","0","1","1","1","1","1","0","2007","ey"
"90-2015-0-562","0","0","0","0","0","0","0","1","0","1","1","1","1","1","1","2007","ey"
"90-2015-0-563","0","0","0","0","0","0","0","1","0","2","0","0","0","0","0","2007","ey"
"90-2015-0-564","0","0","0","0","0","0","0","1","0","1","1","1","1","1","1","2007","ey"
"90-2015-0-565","0","0","0","0","0","0","0","1","0","1","1","1","1","1","1","2007","ey"
"90-2015-0-566","0","0","0","0","0","0","0","1","0","1","1","1","0","0","0","2007","ey"
"90-2015-0-568","0","0","0","0","0","0","0","1","0","1","1","1","1","1","1","2007","ey"
"90-2015-0-569","0","0","0","0","0","0","0","1","0","1","0","1","0","0","1","2007","ey"
"90-2015-0-570","0","0","0","0","0","0","0","1","0","1","1","1","1","1","0","2007","ey"
"90-2015-0-571","0","0","0","0","0","0","0","1","0","1","1","1","1","1","1","2007","ey"
"90-2015-0-572","0","0","0","0","0","0","0","1","0","1","0","0","0","0","0","2007","ey"
"90-2015-0-574","0","0","0","0","0","0","0","1","0","1","1","1","1","1","1","2007","ey"
"90-2015-0-576","0","0","0","0","0","0","0","1","0","1","1","1","1","0","0","2007","ey"
"90-2015-0-577","0","0","0","0","0","0","0","1","0","1","0","1","0","0","0","2007","ey"
"90-2015-0-578","0","0","0","0","0","0","0","1","0","1","1","1","1","1","1","2007","ey"
"90-2015-0-579","0","0","0","0","0","0","0","1","0","1","1","1","1","1","0","2007","ey"
"90-2015-0-580","0","0","0","0","0","0","0","1","0","1","1","1","1","1","1","2007","ey"
"90-2015-0-581","0","0","0","0","0","0","0","1","0","1","1","1","1","1","0","2007","ey"
"90-2016-0-658","0","0","0","0","0","0","0","0","0","1","1","1","0","1","1","2007","ey"
"90-2016-0-659","0","0","0","0","0","0","0","0","0","1","1","1","1","1","1","2007","ey"
"90-2016-0-661","0","0","0","0","0","0","0","0","0","1","1","1","1","1","1","2007","ey"
"90-2016-0-662","0","0","0","0","0","0","0","0","0","1","1","1","1","0","0","2007","ey"
"90-2016-0-663","0","0","0","0","0","0","0","0","0","1","1","1","0","0","0","2007","ey"
"90-2016-0-664","0","0","0","0","0","0","0","0","0","1","1","1","1","1","1","2007","ey"
"90-2016-0-665","0","0","0","0","0","0","0","0","0","1","1","1","1","1","1","2007","ey"
"90-2016-0-666","0","0","0","0","0","0","0","0","0","1","1","1","1","1","1","2007","ey"
"90-2016-0-667","0","0","0","0","0","0","0","0","0","1","1","1","1","1","1","2007","ey"
"90-2016-0-668","0","0","0","0","0","0","0","0","0","0","0","0","1","0","0","2007","ey"
"90-2016-0-669","0","0","0","0","0","0","0","0","0","1","2","1","0","0","0","2007","ey"
"90-2016-0-670","0","0","0","0","0","0","0","0","0","1","0","1","1","1","0","2007","ey"
"90-2016-0-671","0","0","0","0","0","0","0","0","0","1","1","1","1","0","1","2007","ey"
"90-2016-0-672","0","0","0","0","0","0","0","0","0","1","1","1","1","1","1","2007","ey"
"90-2017-0-776","0","0","0","0","0","0","0","0","0","0","1","1","1","1","1","2007","ey"
"90-2017-0-777","0","0","0","0","0","0","0","0","0","0","1","1","1","1","1","2007","ey"
"90-2017-0-778","0","0","0","0","0","0","0","0","0","0","1","1","1","1","1","2007","ey"
"90-2017-0-779","0","0","0","0","0","0","0","0","0","0","1","1","1","1","1","2007","ey"
"90-2017-0-780","0","0","0","0","0","0","0","0","0","0","1","1","1","1","1","2007","ey"
"90-2017-0-781","0","0","0","0","0","0","0","0","0","0","1","1","1","1","1","2007","ey"
"90-2017-0-782","0","0","0","0","0","0","0","0","0","0","1","1","1","1","1","2007","ey"
"90-2017-0-783","0","0","0","0","0","0","0","0","0","0","1","1","1","1","1","2007","ey"
"90-2017-0-784","0","0","0","0","0","0","0","0","0","0","1","1","1","1","1","2007","ey"
"90-2017-0-785","0","0","0","0","0","0","0","0","0","0","1","1","2","0","0","2007","ey"
"90-2017-0-786","0","0","0","0","0","0","0","0","0","0","1","1","1","1","2","2007","ey"
"90-2017-0-787","0","0","0","0","0","0","0","0","0","0","1","1","1","1","1","2007","ey"
"90-2018-0-851","0","0","0","0","0","0","0","0","0","0","1","0","1","1","1","2007","ey"
"90-2018-0-852","0","0","0","0","0","0","0","0","0","0","1","0","1","1","1","2007","ey"
"90-2018-0-853","0","0","0","0","0","0","0","0","0","0","1","0","1","1","1","2007","ey"
"90-2018-0-854","0","0","0","0","0","0","0","0","0","0","1","0","1","1","1","2007","ey"
"90-2018-0-855","0","0","0","0","0","0","0","0","0","0","1","0","1","1","1","2007","ey"
"90-2018-0-856","0","0","0","0","0","0","0","0","0","0","1","0","1","0","0","2007","ey"
"90-2018-0-857","0","0","0","0","0","0","0","0","0","0","1","0","1","1","1","2007","ey"
"90-2018-0-858","0","0","0","0","0","0","0","0","0","0","1","0","1","1","1","2007","ey"
"90-2018-0-859","0","0","0","0","0","0","0","0","0","0","1","0","1","1","1","2007","ey"
"90-2018-0-860","0","0","0","0","0","0","0","0","0","0","1","0","1","1","1","2007","ey"
"90-2018-0-861","0","0","0","0","0","0","0","0","0","0","1","0","1","1","1","2007","ey"
"90-2019-0-975","0","0","0","0","0","0","0","0","0","0","0","0","1","1","1","2007","ey"
"90-2019-0-976","0","0","0","0","0","0","0","0","0","0","0","0","1","1","1","2007","ey"
"90-2019-0-977","0","0","0","0","0","0","0","0","0","0","0","0","1","1","1","2007","ey"
"90-2019-0-978","0","0","0","0","0","0","0","0","0","0","0","0","1","1","1","2007","ey"
"90-2019-0-979","0","0","0","0","0","0","0","0","0","0","0","0","1","1","1","2007","ey"
"90-2019-0-980","0","0","0","0","0","0","0","0","0","0","0","0","1","1","1","2007","ey"
"90-2019-0-981","0","0","0","0","0","0","0","0","0","0","0","0","1","1","1","2007","ey"
"90-2019-0-982","0","0","0","0","0","0","0","0","0","0","0","0","1","1","1","2007","ey"
"90-2019-0-983","0","0","0","0","0","0","0","0","0","0","0","0","1","1","1","2007","ey"
"90-2019-0-984","0","0","0","0","0","0","0","0","0","0","0","0","2","0","0","2007","ey"
"90-2019-0-985","0","0","0","0","0","0","0","0","0","0","0","0","1","1","1","2007","ey"
"90-2019-0-986","0","0","0","0","0","0","0","0","0","0","0","0","1","1","1","2007","ey"
"90-2019-0-987","0","0","0","0","0","0","0","0","0","0","0","0","1","1","1","2007","ey"
"90-2020-0-2076","0","0","0","0","0","0","0","0","0","0","0","0","0","1","1","2007","ey"
"90-2020-0-2078","0","0","0","0","0","0","0","0","0","0","0","0","0","1","1","2007","ey"
"90-2020-0-2079","0","0","0","0","0","0","0","0","0","0","0","0","0","1","1","2007","ey"
"90-2020-0-2080","0","0","0","0","0","0","0","0","0","0","0","0","0","1","1","2007","ey"
"90-2020-0-2081","0","0","0","0","0","0","0","0","0","0","0","0","0","1","1","2007","ey"
"90-2020-0-2082","0","0","0","0","0","0","0","0","0","0","0","0","0","1","1","2007","ey"
"90-2020-0-2084","0","0","0","0","0","0","0","0","0","0","0","0","0","1","1","2007","ey"
"90-2020-0-2086","0","0","0","0","0","0","0","0","0","0","0","0","0","1","1","2007","ey"
"90-2020-0-2087","0","0","0","0","0","0","0","0","0","0","0","0","0","1","0","2007","ey"
"90-2020-0-2089","0","0","0","0","0","0","0","0","0","0","0","0","0","1","0","2007","ey"
"90-2020-0-2090","0","0","0","0","0","0","0","0","0","0","0","0","0","1","0","2007","ey"
"90-2020-0-2091","0","0","0","0","0","0","0","0","0","0","0","0","0","1","1","2007","ey"
"90-2020-0-2092","0","0","0","0","0","0","0","0","0","0","0","0","0","1","1","2007","ey"
"90-2021-0-2176","0","0","0","0","0","0","0","0","0","0","0","0","0","0","1","2007","ey"
"90-2021-0-2177","0","0","0","0","0","0","0","0","0","0","0","0","0","0","1","2007","ey"
"90-2021-0-2178","0","0","0","0","0","0","0","0","0","0","0","0","0","0","1","2007","ey"
"90-2021-0-2179","0","0","0","0","0","0","0","0","0","0","0","0","0","0","1","2007","ey"
"90-2021-0-2180","0","0","0","0","0","0","0","0","0","0","0","0","0","0","1","2007","ey"
"90-2021-0-2181","0","0","0","0","0","0","0","0","0","0","0","0","0","0","1","2007","ey"
"90-2021-0-2182","0","0","0","0","0","0","0","0","0","0","0","0","0","0","1","2007","ey"
"90-2021-0-2183","0","0","0","0","0","0","0","0","0","0","0","0","0","0","1","2007","ey"
"90-2021-0-2186","0","0","0","0","0","0","0","0","0","0","0","0","0","0","1","2007","ey"
"90-2021-0-2187","0","0","0","0","0","0","0","0","0","0","0","0","0","0","1","2007","ey"
"90-2021-0-2188","0","0","0","0","0","0","0","0","0","0","0","0","0","0","1","2007","ey"
"90-2021-0-2189","0","0","0","0","0","0","0","0","0","0","0","0","0","0","1","2007","ey"
"90-2021-0-2190","0","0","0","0","0","0","0","0","0","0","0","0","0","0","1","2007","ey"
