"animal_id","date","year_cap","year_birth","cap_loc","rel_loc","sex","age","weight","dmp_past","B.C.Score","month","monthday","early.late"
"270-2007-1-003",2007-07-03,2007,2007,"West Yana","West Yana","Male",0.1,"","DMP",NA,"july","07-03",1
"270-2007-1-006",2007-07-13,2007,2007,"West Yana","West Yana","Male",0.1,"","DMP",NA,"july","07-13",1
"270-2007-1-007",2007-07-13,2007,2007,"West Yana","West Yana","Male",0.1,"","DMP",NA,"july","07-13",1
"270-2007-1-009",2007-07-14,2007,2007,"West Yana","West Yana","Male",0.1,"","DMP",NA,"july","07-14",1
"270-2007-1-010",2007-07-16,2007,2007,"West Yana","West Yana","Male",0.1,"","DMP",NA,"july","07-16",1
"270-2007-1-011",2007-07-24,2007,2007,"West Yana","West Yana","Male",0.1,"","DMP",NA,"july","07-24",1
"270-2007-1-012",2007-07-24,2007,2007,"West Yana","West Yana","Male",0.1,"","DMP",NA,"july","07-24",1
"270-2007-1-013",2007-07-27,2007,2007,"West Yana","West Yana","Male",0.1,"","DMP",NA,"july","07-27",1
"270-2007-1-051",2007-07-18,2007,2007,"West Yana","West Yana","Male",0.1,"","DMP",NA,"july","07-18",1
"270-2007-1-053",2007-07-18,2007,2007,"West Yana","West Yana","Male",0.1,"","DMP",NA,"july","07-18",1
"270-2007-1-056",2007-07-22,2007,2007,"West Yana","West Yana","Male",0.1,"","DMP",NA,"july","07-22",1
"270-2007-1-057",2007-07-22,2007,2007,"West Yana","West Yana","Male",0.1,"","DMP",NA,"july","07-22",1
"270-2007-1-058",2007-07-24,2007,2007,"West Yana","West Yana","Male",0.1,"","DMP",NA,"july","07-24",1
"270-2007-1-061",2007-07-27,2007,2007,"West Yana","West Yana","Male",0.1,"","DMP",NA,"july","07-27",1
"270-2007-1-062",2007-07-29,2007,2007,"West Yana","West Yana","Male",0.1,"","DMP",NA,"july","07-29",1
"270-2007-1-065",2007-07-31,2007,2007,"West Yana","West Yana","Male",0.1,"","DMP",NA,"july","07-31",1
"270-2007-1-066",2007-07-31,2007,2007,"West Yana","West Yana","Male",0.1,"","DMP",NA,"july","07-31",1
"270-2008-1-003",2008-07-04,2008,2008,"West Yana","West Yana","Male",0.1,"","DMP",NA,"july","07-04",1
"270-2008-1-006",2008-07-10,2008,2008,"West Yana","West Yana","Male",0.1,"","DMP",NA,"july","07-10",1
"270-2008-1-008",2008-07-12,2008,2008,"West Yana","West Yana","Male",0.1,"","DMP",NA,"july","07-12",1
"270-2008-1-011",2008-07-17,2008,2008,"West Yana","West Yana","Male",0.1,"","DMP",NA,"july","07-17",1
"270-2008-1-012",2008-07-19,2008,2008,"West Yana","West Yana","Male",0.1,"","DMP",NA,"july","07-19",1
"270-2008-1-013",2008-08-04,2008,2008,"West Yana","West Yana","Male",0.1,"","DMP",NA,"august","08-04",2
"270-2008-1-014",2008-08-05,2008,2008,"West Yana","West Yana","Male",0.1,"","DMP",NA,"august","08-05",2
"270-2008-1-016",2008-08-08,2008,2008,"West Yana","West Yana","Male",0.1,"","DMP",NA,"august","08-08",2
"270-2008-1-017",2008-08-05,2008,2008,"West Yana","West Yana","Male",0.1,"","DMP",NA,"august","08-05",2
"270-2008-1-018",2008-08-05,2008,2008,"West Yana","West Yana","Male",0.1,"","DMP",NA,"august","08-05",2
"270-2008-1-019",2008-08-04,2008,2008,"West Yana","West Yana","Male",0.1,"","DMP",NA,"august","08-04",2
"270-2008-1-020",2008-07-28,2008,2008,"West Yana","West Yana","Male",0.1,"","DMP",NA,"july","07-28",1
"270-2008-1-022",2008-07-31,2008,2008,"West Yana","West Yana","Male",0.1,"","DMP",NA,"july","07-31",1
"270-2008-1-025",2008-08-04,2008,2008,"West Yana","West Yana","Male",0.1,"","DMP",NA,"august","08-04",2
"270-2008-1-027",2008-08-08,2008,2008,"West Yana","West Yana","Male",0.1,"","DMP",NA,"august","08-08",2
"270-2008-1-028",2008-08-08,2008,2008,"West Yana","West Yana","Male",0.1,"","DMP",NA,"august","08-08",2
"270-2009-1-002",2009-07-03,2009,2009,"West Yana","West Yana","Male",0.1,"","DMP",NA,"july","07-03",1
"270-2009-1-005",2009-07-20,2009,2009,"West Yana","West Yana","Male",0.1,"","DMP",NA,"july","07-20",1
"270-2009-1-008",2009-07-21,2009,2009,"West Yana","West Yana","Male",0.1,"","DMP",NA,"july","07-21",1
"270-2009-1-009",2009-07-21,2009,2009,"West Yana","West Yana","Male",0.1,"","DMP",NA,"july","07-21",1
"270-2009-1-010",2009-07-21,2009,2009,"West Yana","West Yana","Male",0.1,"","DMP",NA,"july","07-21",1
"270-2009-1-011",2009-07-26,2009,2009,"West Yana","West Yana","Male",0.1,"","DMP",NA,"july","07-26",1
"270-2009-1-012",2009-07-26,2009,2009,"West Yana","West Yana","Male",0.1,"","DMP",NA,"july","07-26",1
"270-2009-1-013",2009-07-26,2009,2009,"West Yana","West Yana","Male",0.1,"","DMP",NA,"july","07-26",1
"270-2009-1-020",2009-07-06,2009,2009,"West Yana","West Yana","Male",0.1,"","DMP",NA,"july","07-06",1
"270-2009-1-021",2009-07-06,2009,2009,"West Yana","West Yana","Male",0.1,"","DMP",NA,"july","07-06",1
"270-2009-1-022",2009-07-09,2009,2009,"West Yana","West Yana","Male",0.1,"","DMP",NA,"july","07-09",1
"270-2009-1-023",2009-07-13,2009,2009,"West Yana","West Yana","Male",0.1,"","DMP",NA,"july","07-13",1
"270-2009-1-024",2009-07-14,2009,2009,"West Yana","West Yana","Male",0.1,"","DMP",NA,"july","07-14",1
"270-2009-1-029",2009-07-20,2009,2009,"West Yana","West Yana","Male",0.1,"","DMP",NA,"july","07-20",1
"270-2009-1-032",2009-07-22,2009,2009,"West Yana","West Yana","Male",0.1,"","DMP",NA,"july","07-22",1
"270-2009-1-033",2009-07-22,2009,2009,"West Yana","West Yana","Male",0.1,"","DMP",NA,"july","07-22",1
"270-2009-1-038",2009-08-11,2009,2009,"West Yana","West Yana","Male",0.1,"","DMP",NA,"august","08-11",2
"270-2010-1-001",2010-06-28,2010,2010,"West Yana","West Yana","Male",0.1,"","DMP",NA,"june","06-28",1
"270-2010-1-003",2010-06-28,2010,2010,"West Yana","West Yana","Male",0.1,"","DMP",NA,"june","06-28",1
"270-2010-1-004",2010-06-28,2010,2010,"West Yana","West Yana","Male",0.1,"","DMP",NA,"june","06-28",1
"270-2010-1-005",2010-06-28,2010,2010,"West Yana","West Yana","Male",0.1,"","DMP",NA,"june","06-28",1
"270-2010-1-006",2010-07-02,2010,2010,"West Yana","West Yana","Male",0.1,"","DMP",NA,"july","07-02",1
"270-2010-1-007",2010-07-02,2010,2010,"West Yana","West Yana","Male",0.1,"","DMP",NA,"july","07-02",1
"270-2010-1-009",2010-07-02,2010,2010,"West Yana","West Yana","Male",0.1,"","DMP",NA,"july","07-02",1
"270-2010-1-010",2010-07-02,2010,2010,"West Yana","West Yana","Male",0.1,"","DMP",NA,"july","07-02",1
"270-2010-1-013",2010-07-05,2010,2010,"West Yana","West Yana","Male",0.1,"","DMP",NA,"july","07-05",1
"270-2010-1-014",2010-07-05,2010,2010,"West Yana","West Yana","Male",0.1,"","DMP",NA,"july","07-05",1
"270-2010-1-015",2010-07-05,2010,2010,"West Yana","West Yana","Male",0.1,"","DMP",NA,"july","07-05",1
"270-2010-1-019",2010-07-07,2010,2010,"West Yana","West Yana","Male",0.1,"","DMP",NA,"july","07-07",1
"270-2010-1-020",2010-07-07,2010,2010,"West Yana","West Yana","Male",0.1,"","DMP",NA,"july","07-07",1
"270-2010-1-021",2010-07-07,2010,2010,"West Yana","West Yana","Male",0.1,"","DMP",NA,"july","07-07",1
"270-2010-1-023",2010-07-07,2010,2010,"West Yana","West Yana","Male",0.1,"","DMP",NA,"july","07-07",1
"270-2010-1-025",2010-07-07,2010,2010,"West Yana","West Yana","Male",0.1,"","DMP",NA,"july","07-07",1
"270-2010-1-027",2010-07-09,2010,2010,"West Yana","West Yana","Male",0.1,"","DMP",NA,"july","07-09",1
"270-2010-1-028",2010-07-09,2010,2010,"West Yana","West Yana","Male",0.1,"","DMP",NA,"july","07-09",1
"270-2010-1-035",2010-07-16,2010,2010,"West Yana","West Yana","Male",0.1,"","DMP",NA,"july","07-16",1
"270-2010-1-038",2010-07-20,2010,2010,"West Yana","West Yana","Male",0.1,"","DMP",NA,"july","07-20",1
"270-2010-1-039",2010-07-22,2010,2010,"West Yana","West Yana","Male",0.1,"","DMP",NA,"july","07-22",1
"270-2010-1-084",2010-07-22,2010,2010,"West Yana","West Yana","Male",0.1,"","DMP",NA,"july","07-22",1
"270-2010-1-086",2010-07-26,2010,2010,"West Yana","West Yana","Male",0.1,"","DMP",NA,"july","07-26",1
"270-2010-1-087",2010-07-27,2010,2010,"West Yana","West Yana","Male",0.1,"","DMP",NA,"july","07-27",1
"270-2010-1-088",2010-07-28,2010,2010,"West Yana","West Yana","Male",0.1,"","DMP",NA,"july","07-28",1
"270-2010-1-089",2010-07-28,2010,2010,"West Yana","West Yana","Male",0.1,"","DMP",NA,"july","07-28",1
"270-2011-1-202",2011-06-30,2011,2011,"West Yana","West Yana","Male",0.1,"","DMP",NA,"june","06-30",1
"270-2011-1-206",2011-07-04,2011,2011,"West Yana","West Yana","Male",0.1,"","DMP",NA,"july","07-04",1
"270-2011-1-209",2011-07-05,2011,2011,"West Yana","West Yana","Male",0.1,"","DMP",NA,"july","07-05",1
"270-2011-1-213",2011-07-05,2011,2011,"West Yana","West Yana","Male",0.1,"","DMP",NA,"july","07-05",1
"270-2011-1-215",2011-07-06,2011,2011,"West Yana","West Yana","Male",0.1,"","DMP",NA,"july","07-06",1
"270-2011-1-224",2011-07-07,2011,2011,"West Yana","West Yana","Male",0.1,"","DMP",NA,"july","07-07",1
"270-2011-1-225",2011-07-07,2011,2011,"West Yana","West Yana","Male",0.1,"","DMP",NA,"july","07-07",1
"270-2011-1-242",2011-07-11,2011,2011,"West Yana","West Yana","Male",0.1,"","DMP",NA,"july","07-11",1
"270-2011-1-243",2011-07-11,2011,2011,"West Yana","West Yana","Male",0.1,"","DMP",NA,"july","07-11",1
"270-2011-1-244",2011-07-11,2011,2011,"West Yana","West Yana","Male",0.1,"","DMP",NA,"july","07-11",1
"270-2011-1-246",2011-07-11,2011,2011,"West Yana","West Yana","Male",0.1,"","DMP",NA,"july","07-11",1
"270-2011-1-247",2011-07-11,2011,2011,"West Yana","West Yana","Male",0.1,"","DMP",NA,"july","07-11",1
"270-2011-1-248",2011-07-11,2011,2011,"West Yana","West Yana","Male",0.1,"","DMP",NA,"july","07-11",1
"270-2011-1-249",2011-07-11,2011,2011,"West Yana","West Yana","Male",0.1,"","DMP",NA,"july","07-11",1
"270-2011-1-250",2011-07-11,2011,2011,"West Yana","West Yana","Male",0.1,"","DMP",NA,"july","07-11",1
"270-2011-1-260",2011-07-13,2011,2011,"West Yana","West Yana","Male",0.1,"","DMP",NA,"july","07-13",1
"270-2011-1-261",2011-07-13,2011,2011,"West Yana","West Yana","Male",0.1,"","DMP",NA,"july","07-13",1
"270-2011-1-266",2011-07-14,2011,2011,"West Yana","West Yana","Male",0.1,"","DMP",NA,"july","07-14",1
"270-2011-1-268",2011-07-15,2011,2011,"West Yana","West Yana","Male",0.1,"","DMP",NA,"july","07-15",1
"270-2011-1-269",2011-07-15,2011,2011,"West Yana","West Yana","Male",0.1,"","DMP",NA,"july","07-15",1
"270-2011-1-295",2011-07-21,2011,2011,"West Yana","West Yana","Male",0.1,"","DMP",NA,"july","07-21",1
"270-2011-1-300",2011-07-25,2011,2011,"West Yana","West Yana","Male",0.1,"","DMP",NA,"july","07-25",1
"270-2011-1-318",2011-08-03,2011,2011,"West Yana","West Yana","Male",0.1,"","DMP",NA,"august","08-03",2
"270-2011-1-321",2011-08-03,2011,2011,"West Yana","West Yana","Male",0.1,"","DMP",NA,"august","08-03",2
"270-2011-1-322",2011-08-03,2011,2011,"West Yana","West Yana","Male",0.1,"","DMP",NA,"august","08-03",2
"270-2011-1-333",2011-08-12,2011,2011,"West Yana","West Yana","Male",0.1,"","DMP",NA,"august","08-12",2
"270-2012-1-207",2012-07-05,2012,2012,"West Yana","West Yana","Male",0.1,"","DMP",NA,"july","07-05",1
"270-2012-1-208",2012-07-05,2012,2012,"West Yana","West Yana","Male",0.1,"","DMP",NA,"july","07-05",1
"270-2012-1-224",2012-07-12,2012,2012,"West Yana","West Yana","Male",0.1,"","DMP",NA,"july","07-12",1
"270-2012-1-228",2012-07-12,2012,2012,"West Yana","West Yana","Male",0.1,"","DMP",NA,"july","07-12",1
"270-2012-1-229",2012-07-12,2012,2012,"West Yana","West Yana","Male",0.1,"","DMP",NA,"july","07-12",1
"270-2012-1-230",2012-07-12,2012,2012,"West Yana","West Yana","Male",0.1,"","DMP",NA,"july","07-12",1
"270-2012-1-231",2012-07-12,2012,2012,"West Yana","West Yana","Male",0.1,"","DMP",NA,"july","07-12",1
"270-2012-1-232",2012-07-12,2012,2012,"West Yana","West Yana","Male",0.1,"","DMP",NA,"july","07-12",1
"270-2012-1-233",2012-07-14,2012,2012,"West Yana","West Yana","Male",0.1,"","DMP",NA,"july","07-14",1
"270-2012-1-236",2012-07-14,2012,2012,"West Yana","West Yana","Male",0.1,"","DMP",NA,"july","07-14",1
"270-2012-1-237",2012-07-14,2012,2012,"West Yana","West Yana","Male",0.1,"","DMP",NA,"july","07-14",1
"270-2012-1-238",2012-07-14,2012,2012,"West Yana","West Yana","Male",0.1,"","DMP",NA,"july","07-14",1
"270-2012-1-248",2012-07-17,2012,2012,"West Yana","West Yana","Male",0.1,"","DMP",NA,"july","07-17",1
"270-2012-1-250",2012-07-17,2012,2012,"West Yana","West Yana","Male",0.1,"","DMP",NA,"july","07-17",1
"270-2012-1-260",2012-07-20,2012,2012,"West Yana","West Yana","Male",0.1,"","DMP",NA,"july","07-20",1
"270-2012-1-262",2012-07-20,2012,2012,"West Yana","West Yana","Male",0.1,"","DMP",NA,"july","07-20",1
"270-2012-1-263",2012-07-20,2012,2012,"West Yana","West Yana","Male",0.1,"","DMP",NA,"july","07-20",1
"270-2012-1-265",2012-07-20,2012,2012,"West Yana","West Yana","Male",0.1,"","DMP",NA,"july","07-20",1
"270-2012-1-266",2012-07-20,2012,2012,"West Yana","West Yana","Male",0.1,"","DMP",NA,"july","07-20",1
"270-2012-1-274",2012-07-24,2012,2012,"West Yana","West Yana","Male",0.1,"","DMP",NA,"july","07-24",1
"270-2012-1-277",2012-07-24,2012,2012,"West Yana","West Yana","Male",0.1,"","DMP",NA,"july","07-24",1
"270-2012-1-278",2012-07-24,2012,2012,"West Yana","West Yana","Male",0.1,"","DMP",NA,"july","07-24",1
"270-2012-1-284",2012-07-27,2012,2012,"West Yana","West Yana","Male",0.1,"","DMP",NA,"july","07-27",1
"270-2012-1-305",2012-08-03,2012,2012,"West Yana","West Yana","Male",0.1,"","DMP",NA,"august","08-03",2
"270-2012-1-314",2012-08-08,2012,2012,"West Yana","West Yana","Male",0.1,"","DMP",NA,"august","08-08",2
"270-2013-1-202",2013-07-01,2013,2013,"West Yana","West Yana","Male",0.1,"","DMP",NA,"july","07-01",1
"270-2013-1-204",2013-07-01,2013,2013,"West Yana","West Yana","Male",0.1,"","DMP",NA,"july","07-01",1
"270-2013-1-205",2013-07-01,2013,2013,"West Yana","West Yana","Male",0.1,"","DMP",NA,"july","07-01",1
"270-2013-1-210",2013-07-03,2013,2013,"West Yana","West Yana","Male",0.1,"","DMP",NA,"july","07-03",1
"270-2013-1-212",2013-07-03,2013,2013,"West Yana","West Yana","Male",0.1,"","DMP",NA,"july","07-03",1
"270-2013-1-216",2013-07-05,2013,2013,"West Yana","West Yana","Male",0.1,"","DMP",NA,"july","07-05",1
"270-2013-1-217",2013-07-05,2013,2013,"West Yana","West Yana","Male",0.1,"","DMP",NA,"july","07-05",1
"270-2013-1-225",2013-07-08,2013,2013,"West Yana","West Yana","Male",0.1,"","DMP",NA,"july","07-08",1
"270-2013-1-227",2013-07-08,2013,2013,"West Yana","West Yana","Male",0.1,"","DMP",NA,"july","07-08",1
"270-2013-1-230",2013-07-10,2013,2013,"West Yana","West Yana","Male",0.1,"","DMP",NA,"july","07-10",1
"270-2013-1-231",2013-07-10,2013,2013,"West Yana","West Yana","Male",0.1,"","DMP",NA,"july","07-10",1
"270-2013-1-232",2013-07-10,2013,2013,"West Yana","West Yana","Male",0.1,"","DMP",NA,"july","07-10",1
"270-2013-1-234",2013-07-10,2013,2013,"West Yana","West Yana","Male",0.1,"","DMP",NA,"july","07-10",1
"270-2013-1-238",2013-07-12,2013,2013,"West Yana","West Yana","Male",0.1,"","DMP",NA,"july","07-12",1
"270-2013-1-239",2013-07-12,2013,2013,"West Yana","West Yana","Male",0.1,"","DMP",NA,"july","07-12",1
"270-2013-1-242",2013-07-15,2013,2013,"West Yana","West Yana","Male",0.1,"","DMP",NA,"july","07-15",1
"270-2013-1-246",2013-07-17,2013,2013,"West Yana","West Yana","Male",0.1,"","DMP",NA,"july","07-17",1
"270-2013-1-249",2013-07-17,2013,2013,"West Yana","West Yana","Male",0.1,"","DMP",NA,"july","07-17",1
"270-2013-1-252",2013-07-19,2013,2013,"West Yana","West Yana","Male",0.1,"","DMP",NA,"july","07-19",1
"270-2013-1-254",2013-07-22,2013,2013,"West Yana","West Yana","Male",0.1,"","DMP",NA,"july","07-22",1
"270-2013-1-256",2013-07-24,2013,2013,"West Yana","West Yana","Male",0.1,"","DMP",NA,"july","07-24",1
"270-2013-1-257",2013-07-24,2013,2013,"West Yana","West Yana","Male",0.1,"","DMP",NA,"july","07-24",1
"270-2014-1-402",2014-06-30,2014,2014,"West Yana","West Yana","Male",0.1,"","DMP",NA,"june","06-30",1
"270-2014-1-403",2014-06-30,2014,2014,"West Yana","West Yana","Male",0.1,"","DMP",NA,"june","06-30",1
"270-2014-1-406",2014-07-02,2014,2014,"West Yana","West Yana","Male",0.1,"","DMP",NA,"july","07-02",1
"270-2014-1-407",2014-07-07,2014,2014,"West Yana","West Yana","Male",0.1,"","DMP",NA,"july","07-07",1
"270-2014-1-410",2014-07-07,2014,2014,"West Yana","West Yana","Male",0.1,"","DMP",NA,"july","07-07",1
"270-2014-1-411",2014-07-07,2014,2014,"West Yana","West Yana","Male",0.1,"","DMP",NA,"july","07-07",1
"270-2014-1-412",2014-07-07,2014,2014,"West Yana","West Yana","Male",0.1,"","DMP",NA,"july","07-07",1
"270-2014-1-413",2014-07-07,2014,2014,"West Yana","West Yana","Male",0.1,"","DMP",NA,"july","07-07",1
"270-2014-1-414",2014-07-09,2014,2014,"West Yana","West Yana","Male",0.1,"","DMP",NA,"july","07-09",1
"270-2014-1-416",2014-07-09,2014,2014,"West Yana","West Yana","Male",0.1,"","DMP",NA,"july","07-09",1
"270-2014-1-418",2014-07-09,2014,2014,"West Yana","West Yana","Male",0.1,"","DMP",NA,"july","07-09",1
"270-2014-1-421",2014-07-11,2014,2014,"West Yana","West Yana","Male",0.1,"","DMP",NA,"july","07-11",1
"270-2014-1-422",2014-07-14,2014,2014,"West Yana","West Yana","Male",0.1,"","DMP",NA,"july","07-14",1
"270-2014-1-423",2014-07-16,2014,2014,"West Yana","West Yana","Male",0.1,"","DMP",NA,"july","07-16",1
"270-2014-1-428",2014-07-21,2014,2014,"West Yana","West Yana","Male",0.1,"","DMP",NA,"july","07-21",1
"270-2014-1-429",2014-07-21,2014,2014,"West Yana","West Yana","Male",0.1,"","DMP",NA,"july","07-21",1
"270-2014-1-434",2014-07-25,2014,2014,"West Yana","West Yana","Male",0.1,"","DMP",NA,"july","07-25",1
"270-2014-1-438",2014-08-04,2014,2014,"West Yana","West Yana","Male",0.1,"","DMP",NA,"august","08-04",2
"270-2014-1-439",2014-08-07,2014,2014,"West Yana","West Yana","Male",0.1,"","DMP",NA,"august","08-07",2
"270-2014-1-440",2014-08-07,2014,2014,"West Yana","West Yana","Male",0.1,"","DMP",NA,"august","08-07",2
"270-2015-1-504",2015-06-29,2015,2015,"West Yana","West Yana","Male",0.1,"","DMP",NA,"june","06-29",1
"270-2015-1-510",2015-07-06,2015,2015,"West Yana","West Yana","Male",0.1,"","DMP",NA,"july","07-06",1
"270-2015-1-528",2015-08-10,2015,2015,"West Yana","West Yana","Male",0.1,"","DMP",NA,"august","08-10",2
"270-2015-1-533",2015-08-17,2015,2015,"West Yana","West Yana","Male",0.1,"","DMP",NA,"august","08-17",2
"270-2016-1-601",2016-06-27,2016,2016,"West Yana","West Yana","Male",0.1,"","DMP",NA,"june","06-27",1
"270-2016-1-602",2016-06-27,2016,2016,"West Yana","West Yana","Male",0.1,"","DMP",NA,"june","06-27",1
"270-2016-1-603",2016-07-01,2016,2016,"West Yana","West Yana","Male",0.1,"","DMP",NA,"july","07-01",1
"270-2016-1-604",2016-07-01,2016,2016,"West Yana","West Yana","Male",0.1,"","DMP",NA,"july","07-01",1
"270-2016-1-606",2016-07-05,2016,2016,"West Yana","West Yana","Male",0.1,"","DMP",NA,"july","07-05",1
"270-2016-1-607",2016-07-05,2016,2016,"West Yana","West Yana","Male",0.1,"","DMP",NA,"july","07-05",1
"270-2016-1-608",2016-07-05,2016,2016,"West Yana","West Yana","Male",0.1,"","DMP",NA,"july","07-05",1
"270-2016-1-609",2016-07-07,2016,2016,"West Yana","West Yana","Male",0.1,"","DMP",NA,"july","07-07",1
"270-2016-1-610",2016-07-07,2016,2016,"West Yana","West Yana","Male",0.1,"","DMP",NA,"july","07-07",1
"270-2016-1-613",2016-07-07,2016,2016,"West Yana","West Yana","Male",0.1,"","DMP",NA,"july","07-07",1
"270-2016-1-615",2016-07-07,2016,2016,"West Yana","West Yana","Male",0.1,"","DMP",NA,"july","07-07",1
"270-2016-1-616",2016-07-07,2016,2016,"West Yana","West Yana","Male",0.1,"","DMP",NA,"july","07-07",1
"270-2016-1-618",2016-07-07,2016,2016,"West Yana","West Yana","Male",0.1,"","DMP",NA,"july","07-07",1
"270-2016-1-619",2016-07-08,2016,2016,"West Yana","West Yana","Male",0.1,"","DMP",NA,"july","07-08",1
"270-2016-1-620",2016-07-08,2016,2016,"West Yana","West Yana","Male",0.1,"","DMP",NA,"july","07-08",1
"270-2016-1-622",2016-07-08,2016,2016,"West Yana","West Yana","Male",0.1,"","DMP",NA,"july","07-08",1
"270-2016-1-624",2016-07-08,2016,2016,"West Yana","West Yana","Male",0.1,"","DMP",NA,"july","07-08",1
"270-2016-1-627",2016-07-11,2016,2016,"West Yana","West Yana","Male",0.1,"","DMP",NA,"july","07-11",1
"270-2016-1-628",2016-07-11,2016,2016,"West Yana","West Yana","Male",0.1,"","DMP",NA,"july","07-11",1
"270-2016-1-629",2016-07-11,2016,2016,"West Yana","West Yana","Male",0.1,"","DMP",NA,"july","07-11",1
"270-2016-1-630",2016-07-11,2016,2016,"West Yana","West Yana","Male",0.1,"","DMP",NA,"july","07-11",1
"270-2016-1-631",2016-07-11,2016,2016,"West Yana","West Yana","Male",0.1,"","DMP",NA,"july","07-11",1
"270-2016-1-632",2016-07-13,2016,2016,"West Yana","West Yana","Male",0.1,"","DMP",NA,"july","07-13",1
"270-2016-1-634",2016-07-18,2016,2016,"West Yana","West Yana","Male",0.1,"","DMP",NA,"july","07-18",1
"270-2016-1-637",2016-07-20,2016,2016,"West Yana","West Yana","Male",0.1,"","DMP",NA,"july","07-20",1
"270-2016-1-640",2016-07-26,2016,2016,"West Yana","West Yana","Male",0.1,"","DMP",NA,"july","07-26",1
"270-2016-1-642",2016-07-28,2016,2016,"West Yana","West Yana","Male",0.1,"","DMP",NA,"july","07-28",1
"270-2016-1-643",2016-07-28,2016,2016,"West Yana","West Yana","Male",0.1,"","DMP",NA,"july","07-28",1
"270-2017-1-703",2017-07-03,2017,2017,"West Yana","West Yana","Male",0.1,"","DMP",NA,"july","07-03",1
"270-2017-1-704",2017-07-03,2017,2017,"West Yana","West Yana","Male",0.1,"","DMP",NA,"july","07-03",1
"270-2017-1-707",2017-07-05,2017,2017,"West Yana","West Yana","Male",0.1,"","DMP",NA,"july","07-05",1
"270-2017-1-709",2017-07-07,2017,2017,"West Yana","West Yana","Male",0.1,"","DMP",NA,"july","07-07",1
"270-2017-1-710",2017-07-07,2017,2017,"West Yana","West Yana","Male",0.1,"","DMP",NA,"july","07-07",1
"270-2017-1-711",2017-07-07,2017,2017,"West Yana","West Yana","Male",0.1,"","DMP",NA,"july","07-07",1
"270-2017-1-713",2017-07-07,2017,2017,"West Yana","West Yana","Male",0.1,"","DMP",NA,"july","07-07",1
"270-2017-1-714",2017-07-07,2017,2017,"West Yana","West Yana","Male",0.1,"","DMP",NA,"july","07-07",1
"270-2017-1-717",2017-07-10,2017,2017,"West Yana","West Yana","Male",0.1,"","DMP",NA,"july","07-10",1
"270-2017-1-719",2017-07-10,2017,2017,"West Yana","West Yana","Male",0.1,"","DMP",NA,"july","07-10",1
"270-2017-1-720",2017-07-10,2017,2017,"West Yana","West Yana","Male",0.1,"","DMP",NA,"july","07-10",1
"270-2017-1-721",2017-07-10,2017,2017,"West Yana","West Yana","Male",0.1,"","DMP",NA,"july","07-10",1
"270-2017-1-722",2017-07-12,2017,2017,"West Yana","West Yana","Male",0.1,"","DMP",NA,"july","07-12",1
"270-2017-1-726",2017-07-20,2017,2017,"West Yana","West Yana","Male",0.1,"","DMP",NA,"july","07-20",1
"270-2017-1-729",2017-07-21,2017,2017,"West Yana","West Yana","Male",0.1,"","DMP",NA,"july","07-21",1
"270-2017-1-733",2017-07-25,2017,2017,"West Yana","West Yana","Male",0.1,"","DMP",NA,"july","07-25",1
"270-2017-1-736",2017-08-02,2017,2017,"West Yana","West Yana","Male",0.1,"","DMP",NA,"august","08-02",2
"270-2017-1-737",2017-08-04,2017,2017,"West Yana","West Yana","Male",0.1,"","DMP",NA,"august","08-04",2
"270-2017-1-738",2017-08-09,2017,2017,"West Yana","West Yana","Male",0.1,"","DMP",NA,"august","08-09",2
"270-2017-1-739",2017-08-09,2017,2017,"West Yana","West Yana","Male",0.1,"","DMP",NA,"august","08-09",2
"270-2018-1-802",2018-06-25,2018,2018,"West Yana","West Yana","Male",0.1,"","DMP",NA,"june","06-25",1
"270-2018-1-804",2018-06-26,2018,2018,"West Yana","West Yana","Male",0.1,"","DMP",NA,"june","06-26",1
"270-2018-1-805",2018-07-02,2018,2018,"West Yana","West Yana","Male",0.1,"","DMP",NA,"july","07-02",1
"270-2018-1-806",2018-07-02,2018,2018,"West Yana","West Yana","Male",0.1,"","DMP",NA,"july","07-02",1
"270-2018-1-808",2018-07-03,2018,2018,"West Yana","West Yana","Male",0.1,"","DMP",NA,"july","07-03",1
"270-2018-1-815",2018-07-09,2018,2018,"West Yana","West Yana","Male",0.1,"","DMP",NA,"july","07-09",1
"270-2018-1-817",2018-07-09,2018,2018,"West Yana","West Yana","Male",0.1,"","DMP",NA,"july","07-09",1
"270-2018-1-818",2018-07-09,2018,2018,"West Yana","West Yana","Male",0.1,"","DMP",NA,"july","07-09",1
"270-2018-1-822",2018-07-09,2018,2018,"West Yana","West Yana","Male",0.1,"","DMP",NA,"july","07-09",1
"270-2018-1-823",2018-07-09,2018,2018,"West Yana","West Yana","Male",0.1,"","DMP",NA,"july","07-09",1
"270-2018-1-824",2018-07-11,2018,2018,"West Yana","West Yana","Male",0.1,"","DMP",NA,"july","07-11",1
"270-2018-1-825",2018-07-11,2018,2018,"West Yana","West Yana","Male",0.1,"","DMP",NA,"july","07-11",1
"270-2018-1-826",2018-07-11,2018,2018,"West Yana","West Yana","Male",0.1,"","DMP",NA,"july","07-11",1
"270-2018-1-827",2018-07-11,2018,2018,"West Yana","West Yana","Male",0.1,"","DMP",NA,"july","07-11",1
"270-2018-1-831",2018-07-13,2018,2018,"West Yana","West Yana","Male",0.1,"","DMP",NA,"july","07-13",1
"270-2018-1-832",2018-07-13,2018,2018,"West Yana","West Yana","Male",0.1,"","DMP",NA,"july","07-13",1
"270-2018-1-834",2018-07-18,2018,2018,"West Yana","West Yana","Male",0.1,"","DMP",NA,"july","07-18",1
"270-2018-1-835",2018-07-20,2018,2018,"West Yana","West Yana","Male",0.1,"","DMP",NA,"july","07-20",1
"270-2018-1-837",2018-07-30,2018,2018,"West Yana","West Yana","Male",0.1,"","DMP",NA,"july","07-30",1
"270-2018-1-839",2018-08-14,2018,2018,"West Yana","West Yana","Male",0.1,"","DMP",NA,"august","08-14",2
"270-2019-1-901",2019-06-25,2019,2019,"West Yana","West Yana","Male",0.1,"9 lbs 6 oz","DMP",NA,"june","06-25",1
"270-2019-1-903",2019-06-27,2019,2019,"West Yana","West Yana","Male",0.1,"10 lbs 10 oz","DMP",NA,"june","06-27",1
"270-2019-1-905",2019-06-27,2019,2019,"West Yana","West Yana","Male",0.1,"6 lbs 5 oz","DMP",NA,"june","06-27",1
"270-2019-1-907",2019-06-27,2019,2019,"West Yana","West Yana","Male",0.1,"7 lbs 10 oz","DMP",NA,"june","06-27",1
"270-2019-1-908",2019-06-29,2019,2019,"West Yana","West Yana","Male",0.1,"8 lbs   ","DMP",NA,"june","06-29",1
"270-2019-1-909",2019-06-29,2019,2019,"West Yana","West Yana","Male",0.1,"8 lbs 3 oz","DMP",NA,"june","06-29",1
"270-2019-1-911",2019-06-29,2019,2019,"West Yana","West Yana","Male",0.1,"7 lbs 8 oz","DMP",NA,"june","06-29",1
"270-2019-1-916",2019-07-02,2019,2019,"West Yana","West Yana","Male",0.1,"6 lbs 3 oz","DMP",NA,"july","07-02",1
"270-2019-1-917",2019-07-02,2019,2019,"West Yana","West Yana","Male",0.1,"6 lbs","DMP",NA,"july","07-02",1
"270-2019-1-920",2019-07-05,2019,2019,"West Yana","West Yana","Male",0.1,"6 lbs 15 oz","DMP",NA,"july","07-05",1
"270-2019-1-923",2019-07-05,2019,2019,"West Yana","West Yana","Male",0.1,"8 lbs 10 oz","DMP",NA,"july","07-05",1
"270-2019-1-924",2019-07-05,2019,2019,"West Yana","West Yana","Male",0.1,"7 lbs 1 oz","DMP",NA,"july","07-05",1
"270-2019-1-927",2019-07-10,2019,2019,"West Yana","West Yana","Male",0.1,"12 lbs 5 oz","DMP",NA,"july","07-10",1
"270-2019-1-929",2019-07-12,2019,2019,"West Yana","West Yana","Male",0.1,"5 lbs 10 oz","DMP",NA,"july","07-12",1
"270-2019-1-930",2019-07-15,2019,2019,"West Yana","West Yana","Male",0.1,"6 lbs 5 oz","DMP",NA,"july","07-15",1
"270-2019-1-932",2019-07-19,2019,2019,"West Yana","West Yana","Male",0.1,"7 lbs 9 oz","DMP",NA,"july","07-19",1
"270-2019-1-933",2019-07-19,2019,2019,"West Yana","West Yana","Male",0.1,"7 lbs 15 oz","DMP",NA,"july","07-19",1
"270-2019-1-934",2019-07-19,2019,2019,"West Yana","West Yana","Male",0.1,"8 lbs 14 oz","DMP",NA,"july","07-19",1
"270-2019-1-935",2019-07-23,2019,2019,"West Yana","West Yana","Male",0.1,"8 lbs 9 oz","DMP",NA,"july","07-23",1
"270-2019-1-938",2019-07-26,2019,2019,"West Yana","West Yana","Male",0.1,"7 lbs 1 oz","DMP",NA,"july","07-26",1
"270-2019-1-940",2019-07-31,2019,2019,"West Yana","West Yana","Male",0.1,"7 lbs 8 oz","DMP",NA,"july","07-31",1
"270-2019-1-941",2019-08-06,2019,2019,"West Yana","West Yana","Male",0.1,"6 lbs 8 oz","DMP",NA,"august","08-06",2
"270-2020-1-2001",2020-06-24,2020,2020,"West Yana","West Yana","Male",0.1,"7 lbs 2 oz","DMP",NA,"june","06-24",1
"270-2020-1-2003",2020-06-24,2020,2020,"West Yana","West Yana","Male",0.1,"8 lbs 0 oz","DMP",NA,"june","06-24",1
"270-2020-1-2004",2020-06-26,2020,2020,"West Yana","West Yana","Male",0.1,"5 lbs 15 oz","DMP",NA,"june","06-26",1
"270-2020-1-2007",2020-07-01,2020,2020,"West Yana","West Yana","Male",0.1,"10 lbs 11 oz","DMP",NA,"july","07-01",1
"270-2020-1-2008",2020-07-03,2020,2020,"West Yana","West Yana","Male",0.1,"7 lbs 14 oz","DMP",NA,"july","07-03",1
"270-2020-1-2009",2020-07-03,2020,2020,"West Yana","West Yana","Male",0.1,"9 lbs 3 oz","DMP",NA,"july","07-03",1
"270-2020-1-2010",2020-07-06,2020,2020,"West Yana","West Yana","Male",0.1,"7 lbs 8 oz","DMP",NA,"july","07-06",1
"270-2020-1-2011",2020-07-06,2020,2020,"West Yana","West Yana","Male",0.1,"7 lbs 5 oz","DMP",NA,"july","07-06",1
"270-2020-1-2013",2020-07-14,2020,2020,"West Yana","West Yana","Male",0.1,"5 lbs 13 oz","DMP",NA,"july","07-14",1
"270-2020-1-2014",2020-07-17,2020,2020,"West Yana","West Yana","Male",0.1,"10 lbs 14 oz","DMP",NA,"july","07-17",1
"270-2020-1-2020",2020-07-24,2020,2020,"West Yana","West Yana","Male",0.1,"8 lbs 6 oz","DMP",NA,"july","07-24",1
"270-2020-1-2027",2020-06-26,2020,2020,"West Yana","West Yana","Male",0.1,"7 lbs 14 oz","DMP",NA,"june","06-26",1
"270-2020-1-2028",2020-06-29,2020,2020,"West Yana","West Yana","Male",0.1,"9 lbs 10 oz","DMP",NA,"june","06-29",1
"270-2020-1-2031",2020-07-06,2020,2020,"West Yana","West Yana","Male",0.1,"7 lbs 11 oz","DMP",NA,"july","07-06",1
"270-2020-1-2034",2020-07-14,2020,2020,"West Yana","West Yana","Male",0.1,"10 lbs 0 oz","DMP",NA,"july","07-14",1
"270-2020-1-2037",2020-07-17,2020,2020,"West Yana","West Yana","Male",0.1,"5 lbs 1 oz","DMP",NA,"july","07-17",1
"270-2020-1-2038",2020-07-17,2020,2020,"West Yana","West Yana","Male",0.1,"8 lbs 14 oz","DMP",NA,"july","07-17",1
"270-2020-1-2039",2020-07-21,2020,2020,"West Yana","West Yana","Male",0.1,"10 lbs 1 oz","DMP",NA,"july","07-21",1
"270-2020-1-2040",2020-07-21,2020,2020,"West Yana","West Yana","Male",0.1,"8 lbs 13 oz","DMP",NA,"july","07-21",1
"270-2020-1-2041",2020-08-03,2020,2020,"West Yana","West Yana","Male",0.1,"6 lbs 0 oz","DMP",NA,"august","08-03",2
"270-2021-1-2102",2021-07-06,2021,2021,"West Yana","West Yana","Male",0.1,"8 lbs 6 oz","DMP",NA,"july","07-06",1
"270-2021-1-2106",2021-07-08,2021,2021,"West Yana","West Yana","Male",0.1,"9 lbs 3 oz","DMP",NA,"july","07-08",1
"270-2021-1-2109",2021-07-08,2021,2021,"West Yana","West Yana","Male",0.1,"7 lbs 5 oz","DMP",NA,"july","07-08",1
"270-2021-1-2113",2021-07-10,2021,2021,"West Yana","West Yana","Male",0.1,"5 lbs 5 oz","DMP",NA,"july","07-10",1
"270-2021-1-2121",2021-07-16,2021,2021,"West Yana","West Yana","Male",0.1,"7 lbs 8 oz","DMP",NA,"july","07-16",1
"270-2021-1-2124",2021-07-21,2021,2021,"West Yana","West Yana","Male",0.1,"9 lbs 5 oz","DMP",NA,"july","07-21",1
"270-2021-1-2127",2021-07-23,2021,2021,"West Yana","West Yana","Male",0.1,"7 lbs 4 oz","DMP",NA,"july","07-23",1
"270-2021-1-2130",2021-07-26,2021,2021,"West Yana","West Yana","Male",0.1,"6 lbs 12 oz","DMP",NA,"july","07-26",1
"270-2021-1-2133",2021-07-28,2021,2021,"West Yana","West Yana","Male",0.1,"5 lbs 12 oz","DMP",NA,"july","07-28",1
"270-2021-1-2136",2021-08-02,2021,2021,"West Yana","West Yana","Male",0.1,"8 lbs 1 oz","DMP",NA,"august","08-02",2
"270-2021-1-2137",2021-08-02,2021,2021,"West Yana","West Yana","Male",0.1,"9 lbs 14 oz","DMP",NA,"august","08-02",2
"270-2021-1-2141",2021-08-20,2021,2021,"West Yana","West Yana","Male",0.1,"8 lbs 1 oz","DMP",NA,"august","08-20",2
"270-2021-1-2142",2021-08-20,2021,2021,"West Yana","West Yana","Male",0.1,"9 lbs 9 oz","DMP",NA,"august","08-20",2
